Model,Accuracy,F1 Score,Precision,Recall,ROC-AUC,TP,FP,TN,FN,Duration (seconds),Parameters
,,,,,,,,,,,
Logistic Regression Base,1520.05.00,465.51.00,846.47.00,321.19.00,1530.21.00,1732,1677,90867,7252,1.34,"{'C': 1.0, 'class_weight': None, 'dual': False, 'fit_intercept': True, 'intercept_scaling': 1, 'l1_ratio': None, 'max_iter': 100, 'multi_class': 'deprecated', 'n_jobs': None, 'penalty': 'l2', 'random_state': 1, 'solver': 'lbfgs', 'tol': 0.0001, 'verbose': 0, 'warm_start': False}"
Decision Tree Base,1581.01.00,1195.37.00,1164.27.00,1228.29.00,1592.30.00,6622,2856,89688,2362,1.38,"{'ccp_alpha': 0.0, 'class_weight': None, 'criterion': 'gini', 'max_depth': None, 'max_features': None, 'max_leaf_nodes': None, 'min_impurity_decrease': 0.0, 'min_samples_leaf': 1, 'min_samples_split': 2, 'min_weight_fraction_leaf': 0.0, 'monotonic_cst': None, 'random_state': 1, 'splitter': 'best'}"
Random Forest Base,1588.02.00,1257.26.00,1165.26.00,1365.12.00,1631.51.00,7359,3165,89379,1625,16.0,"{'bootstrap': True, 'ccp_alpha': 0.0, 'class_weight': None, 'criterion': 'gini', 'max_depth': None, 'max_features': 'sqrt', 'max_leaf_nodes': None, 'max_samples': None, 'min_impurity_decrease': 0.0, 'min_samples_leaf': 1, 'min_samples_split': 2, 'min_weight_fraction_leaf': 0.0, 'monotonic_cst': None, 'n_estimators': 100, 'n_jobs': None, 'oob_score': False, 'random_state': 1, 'verbose': 0, 'warm_start': False}"
Gradient Boosting Machines Base,1603.11.00,1371.22.00,1165.24.00,1665.44.00,1631.58.00,8979,3862,88682,5,52.32.00,"{'ccp_alpha': 0.0, 'criterion': 'friedman_mse', 'init': None, 'learning_rate': 0.1, 'loss': 'log_loss', 'max_depth': 3, 'max_features': None, 'max_leaf_nodes': None, 'min_impurity_decrease': 0.0, 'min_samples_leaf': 1, 'min_samples_split': 2, 'min_weight_fraction_leaf': 0.0, 'n_estimators': 100, 'n_iter_no_change': None, 'random_state': 1, 'subsample': 1.0, 'tol': 0.0001, 'validation_fraction': 0.1, 'verbose': 0, 'warm_start': False}"
k-Nearest Neighbors Base,1572.22.00,1153.41.00,1112.19.00,1198.14.00,1599.46.00,6459,3219,89325,2525,59.14.00,"{'algorithm': 'auto', 'leaf_size': 30, 'metric': 'minkowski', 'metric_params': None, 'n_jobs': None, 'n_neighbors': 5, 'p': 2, 'weights': 'uniform'}"
Neural Networks Base,1598.35.00,1338.05.00,1167.49.00,1566.29.00,1631.56.00,8444,3607,88937,540,56.06.00,"{'activation': 'relu', 'alpha': 0.0001, 'batch_size': 'auto', 'beta_1': 0.9, 'beta_2': 0.999, 'early_stopping': False, 'epsilon': 1e-08, 'hidden_layer_sizes': (100,), 'learning_rate': 'constant', 'learning_rate_init': 0.001, 'max_fun': 15000, 'max_iter': 200, 'momentum': 0.9, 'n_iter_no_change': 10, 'nesterovs_momentum': True, 'power_t': 0.5, 'random_state': 1, 'shuffle': True, 'solver': 'adam', 'tol': 0.0001, 'validation_fraction': 0.1, 'verbose': False, 'warm_start': False}"
Naive Bayes Base,551.35.00,341.38.00,190.53.00,1624.33.00,1399.52.00,8757,67700,24844,227,0.37,"{'priors': None, 'var_smoothing': 1e-09}"
XGBoost Base,1600.57.00,1355.18.00,1166.55.00,1616.12.00,1631.34.00,8712,3731,88813,272,2.01,"{'objective': 'binary:logistic', 'base_score': None, 'booster': None, 'callbacks': None, 'colsample_bylevel': None, 'colsample_bynode': None, 'colsample_bytree': None, 'device': None, 'early_stopping_rounds': None, 'enable_categorical': False, 'eval_metric': None, 'feature_types': None, 'gamma': None, 'grow_policy': None, 'importance_type': None, 'interaction_constraints': None, 'learning_rate': None, 'max_bin': None, 'max_cat_threshold': None, 'max_cat_to_onehot': None, 'max_delta_step': None, 'max_depth': None, 'max_leaves': None, 'min_child_weight': None, 'missing': nan, 'monotone_constraints': None, 'multi_strategy': None, 'n_estimators': None, 'n_jobs': None, 'num_parallel_tree': None, 'random_state': 1, 'reg_alpha': None, 'reg_lambda': None, 'sampling_method': None, 'scale_pos_weight': None, 'subsample': None, 'tree_method': None, 'validate_parameters': None, 'verbosity': None}"
Logistic Regression Base,1520.05.00,465.51.00,846.47.00,321.19.00,1530.21.00,1732,1677,90867,7252,1.34,
Decision Tree Base,1581.01.00,1195.37.00,1164.27.00,1228.29.00,1592.30.00,6622,2856,89688,2362,1.38,
Random Forest Base,1588.02.00,1257.26.00,1165.26.00,1365.12.00,1631.51.00,7359,3165,89379,1625,16.0,
Gradient Boosting Machines Base,1603.11.00,1371.22.00,1165.24.00,1665.44.00,1631.58.00,8979,3862,88682,5,52.32.00,
k-Nearest Neighbors Base,1572.22.00,1153.41.00,1112.19.00,1198.14.00,1599.46.00,6459,3219,89325,2525,59.14.00,
Neural Networks Base,1598.35.00,1338.05.00,1167.49.00,1566.29.00,1631.56.00,8444,3607,88937,540,56.06.00,
Naive Bayes Base,551.35.00,341.38.00,190.53.00,1624.33.00,1399.52.00,8757,67700,24844,227,0.37,
XGBoost Base,1600.57.00,1355.18.00,1166.55.00,1616.12.00,1631.34.00,8712,3731,88813,272,2.01,
Logistic Regression VarThreshold,1520.09.00,465.02.00,847.49.00,320.23.00,1529.44.00,1727,1668,90876,7257,1.31,"{'C': 1.0, 'class_weight': None, 'dual': False, 'fit_intercept': True, 'intercept_scaling': 1, 'l1_ratio': None, 'max_iter': 100, 'multi_class': 'deprecated', 'n_jobs': None, 'penalty': 'l2', 'random_state': 1, 'solver': 'lbfgs', 'tol': 0.0001, 'verbose': 0, 'warm_start': False}"
Decision Tree VarThreshold,1580.52.00,1195.17.00,1163.00.00,1229.24.00,1593.13.00,6627,2870,89674,2357,1.04,"{'ccp_alpha': 0.0, 'class_weight': None, 'criterion': 'gini', 'max_depth': None, 'max_features': None, 'max_leaf_nodes': None, 'min_impurity_decrease': 0.0, 'min_samples_leaf': 1, 'min_samples_split': 2, 'min_weight_fraction_leaf': 0.0, 'monotonic_cst': None, 'random_state': 1, 'splitter': 'best'}"
Random Forest VarThreshold,1588.10.00,1258.37.00,1165.18.00,1368.10.00,1631.51.00,7375,3173,89371,1609,12.05,"{'bootstrap': True, 'ccp_alpha': 0.0, 'class_weight': None, 'criterion': 'gini', 'max_depth': None, 'max_features': 'sqrt', 'max_leaf_nodes': None, 'max_samples': None, 'min_impurity_decrease': 0.0, 'min_samples_leaf': 1, 'min_samples_split': 2, 'min_weight_fraction_leaf': 0.0, 'monotonic_cst': None, 'n_estimators': 100, 'n_jobs': None, 'oob_score': False, 'random_state': 1, 'verbose': 0, 'warm_start': False}"
Gradient Boosting Machines VarThreshold,1603.09.00,1371.06.00,1165.29.00,1664.49.00,1632.07.00,8974,3859,88685,10,27.0,"{'ccp_alpha': 0.0, 'criterion': 'friedman_mse', 'init': None, 'learning_rate': 0.1, 'loss': 'log_loss', 'max_depth': 3, 'max_features': None, 'max_leaf_nodes': None, 'min_impurity_decrease': 0.0, 'min_samples_leaf': 1, 'min_samples_split': 2, 'min_weight_fraction_leaf': 0.0, 'n_estimators': 100, 'n_iter_no_change': None, 'random_state': 1, 'subsample': 1.0, 'tol': 0.0001, 'validation_fraction': 0.1, 'verbose': 0, 'warm_start': False}"
k-Nearest Neighbors VarThreshold,1573.10.00,1158.37.00,1115.45.00,1204.55.00,1601.08.00,6495,3207,89337,2489,54.08.00,"{'algorithm': 'auto', 'leaf_size': 30, 'metric': 'minkowski', 'metric_params': None, 'n_jobs': None, 'n_neighbors': 5, 'p': 2, 'weights': 'uniform'}"
Neural Networks VarThreshold,1599.17.00,1342.59.00,1167.53.00,1579.51.00,1632.12.00,8516,3637,88907,468,41.19.00,"{'activation': 'relu', 'alpha': 0.0001, 'batch_size': 'auto', 'beta_1': 0.9, 'beta_2': 0.999, 'early_stopping': False, 'epsilon': 1e-08, 'hidden_layer_sizes': (100,), 'learning_rate': 'constant', 'learning_rate_init': 0.001, 'max_fun': 15000, 'max_iter': 200, 'momentum': 0.9, 'n_iter_no_change': 10, 'nesterovs_momentum': True, 'power_t': 0.5, 'random_state': 1, 'shuffle': True, 'solver': 'adam', 'tol': 0.0001, 'validation_fraction': 0.1, 'verbose': False, 'warm_start': False}"
Naive Bayes VarThreshold,443.02.00,323.21.00,179.04.00,1664.15.00,1459.23.00,8971,74527,18017,13,0.28,"{'priors': None, 'var_smoothing': 1e-09}"
XGBoost VarThreshold,1600.23.00,1352.34.00,1164.36.00,1612.52.00,1631.45.00,8694,3748,88796,290,1.21,"{'objective': 'binary:logistic', 'base_score': None, 'booster': None, 'callbacks': None, 'colsample_bylevel': None, 'colsample_bynode': None, 'colsample_bytree': None, 'device': None, 'early_stopping_rounds': None, 'enable_categorical': False, 'eval_metric': None, 'feature_types': None, 'gamma': None, 'grow_policy': None, 'importance_type': None, 'interaction_constraints': None, 'learning_rate': None, 'max_bin': None, 'max_cat_threshold': None, 'max_cat_to_onehot': None, 'max_delta_step': None, 'max_depth': None, 'max_leaves': None, 'min_child_weight': None, 'missing': nan, 'monotone_constraints': None, 'multi_strategy': None, 'n_estimators': None, 'n_jobs': None, 'num_parallel_tree': None, 'random_state': 1, 'reg_alpha': None, 'reg_lambda': None, 'sampling_method': None, 'scale_pos_weight': None, 'subsample': None, 'tree_method': None, 'validate_parameters': None, 'verbosity': None}"
Logistic Regression VarThreshold,1520.09.00,465.02.00,847.49.00,320.23.00,1529.44.00,1727,1668,90876,7257,1.31,
Decision Tree VarThreshold,1580.52.00,1195.17.00,1163.00.00,1229.24.00,1593.13.00,6627,2870,89674,2357,1.04,
Random Forest VarThreshold,1588.10.00,1258.37.00,1165.18.00,1368.10.00,1631.51.00,7375,3173,89371,1609,12.05,
Gradient Boosting Machines VarThreshold,1603.09.00,1371.06.00,1165.29.00,1664.49.00,1632.07.00,8974,3859,88685,10,27.0,
k-Nearest Neighbors VarThreshold,1573.10.00,1158.37.00,1115.45.00,1204.55.00,1601.08.00,6495,3207,89337,2489,54.08.00,
Neural Networks VarThreshold,1599.17.00,1342.59.00,1167.53.00,1579.51.00,1632.12.00,8516,3637,88907,468,41.19.00,
Naive Bayes VarThreshold,443.02.00,323.21.00,179.04.00,1664.15.00,1459.23.00,8971,74527,18017,13,0.28,
XGBoost VarThreshold,1600.23.00,1352.34.00,1164.36.00,1612.52.00,1631.45.00,8694,3748,88796,290,1.21,
Logistic Regression CorrelationFiltering,1520.09.00,464.50.00,847.49.00,320.12.00,1530.20.00,1726,1667,90877,7258,1.43,"{'C': 1.0, 'class_weight': None, 'dual': False, 'fit_intercept': True, 'intercept_scaling': 1, 'l1_ratio': None, 'max_iter': 100, 'multi_class': 'deprecated', 'n_jobs': None, 'penalty': 'l2', 'random_state': 1, 'solver': 'lbfgs', 'tol': 0.0001, 'verbose': 0, 'warm_start': False}"
Decision Tree CorrelationFiltering,1581.03.00,1195.50.00,1164.33.00,1228.51.00,1593.03.00,6624,2856,89688,2360,1.35,"{'ccp_alpha': 0.0, 'class_weight': None, 'criterion': 'gini', 'max_depth': None, 'max_features': None, 'max_leaf_nodes': None, 'min_impurity_decrease': 0.0, 'min_samples_leaf': 1, 'min_samples_split': 2, 'min_weight_fraction_leaf': 0.0, 'monotonic_cst': None, 'random_state': 1, 'splitter': 'best'}"
Random Forest CorrelationFiltering,1588.06.00,1258.02.00,1165.22.00,1366.41.00,1631.49.00,7367,3169,89375,1617,16.37,"{'bootstrap': True, 'ccp_alpha': 0.0, 'class_weight': None, 'criterion': 'gini', 'max_depth': None, 'max_features': 'sqrt', 'max_leaf_nodes': None, 'max_samples': None, 'min_impurity_decrease': 0.0, 'min_samples_leaf': 1, 'min_samples_split': 2, 'min_weight_fraction_leaf': 0.0, 'monotonic_cst': None, 'n_estimators': 100, 'n_jobs': None, 'oob_score': False, 'random_state': 1, 'verbose': 0, 'warm_start': False}"
Gradient Boosting Machines CorrelationFiltering,1603.11.00,1371.22.00,1165.24.00,1665.44.00,1631.58.00,8979,3862,88682,5,50.24.00,"{'ccp_alpha': 0.0, 'criterion': 'friedman_mse', 'init': None, 'learning_rate': 0.1, 'loss': 'log_loss', 'max_depth': 3, 'max_features': None, 'max_leaf_nodes': None, 'min_impurity_decrease': 0.0, 'min_samples_leaf': 1, 'min_samples_split': 2, 'min_weight_fraction_leaf': 0.0, 'n_estimators': 100, 'n_iter_no_change': None, 'random_state': 1, 'subsample': 1.0, 'tol': 0.0001, 'validation_fraction': 0.1, 'verbose': 0, 'warm_start': False}"
k-Nearest Neighbors CorrelationFiltering,1572.47.00,1156.10.00,1114.12.00,1201.24.00,1600.16.00,6476,3211,89333,2508,57.27.00,"{'algorithm': 'auto', 'leaf_size': 30, 'metric': 'minkowski', 'metric_params': None, 'n_jobs': None, 'n_neighbors': 5, 'p': 2, 'weights': 'uniform'}"
Neural Networks CorrelationFiltering,1599.49.00,1347.34.00,1166.33.00,1595.03.00,1631.33.00,8598,3686,88858,386,43.6,"{'activation': 'relu', 'alpha': 0.0001, 'batch_size': 'auto', 'beta_1': 0.9, 'beta_2': 0.999, 'early_stopping': False, 'epsilon': 1e-08, 'hidden_layer_sizes': (100,), 'learning_rate': 'constant', 'learning_rate_init': 0.001, 'max_fun': 15000, 'max_iter': 200, 'momentum': 0.9, 'n_iter_no_change': 10, 'nesterovs_momentum': True, 'power_t': 0.5, 'random_state': 1, 'shuffle': True, 'solver': 'adam', 'tol': 0.0001, 'validation_fraction': 0.1, 'verbose': False, 'warm_start': False}"
Naive Bayes CorrelationFiltering,720.04.00,384.48.00,218.36.00,1605.38.00,1398.53.00,8655,57335,35209,329,0.35,"{'priors': None, 'var_smoothing': 1e-09}"
XGBoost CorrelationFiltering,1601.28.00,1358.49.00,1166.56.00,1626.13.00,1631.33.00,8766,3754,88790,218,1.42,"{'objective': 'binary:logistic', 'base_score': None, 'booster': None, 'callbacks': None, 'colsample_bylevel': None, 'colsample_bynode': None, 'colsample_bytree': None, 'device': None, 'early_stopping_rounds': None, 'enable_categorical': False, 'eval_metric': None, 'feature_types': None, 'gamma': None, 'grow_policy': None, 'importance_type': None, 'interaction_constraints': None, 'learning_rate': None, 'max_bin': None, 'max_cat_threshold': None, 'max_cat_to_onehot': None, 'max_delta_step': None, 'max_depth': None, 'max_leaves': None, 'min_child_weight': None, 'missing': nan, 'monotone_constraints': None, 'multi_strategy': None, 'n_estimators': None, 'n_jobs': None, 'num_parallel_tree': None, 'random_state': 1, 'reg_alpha': None, 'reg_lambda': None, 'sampling_method': None, 'scale_pos_weight': None, 'subsample': None, 'tree_method': None, 'validate_parameters': None, 'verbosity': None}"
Logistic Regression CorrelationFiltering,1520.09.00,464.50.00,847.49.00,320.12.00,1530.20.00,1726,1667,90877,7258,1.43,
Decision Tree CorrelationFiltering,1581.03.00,1195.50.00,1164.33.00,1228.51.00,1593.03.00,6624,2856,89688,2360,1.35,
Random Forest CorrelationFiltering,1588.06.00,1258.02.00,1165.22.00,1366.41.00,1631.49.00,7367,3169,89375,1617,16.37,
Gradient Boosting Machines CorrelationFiltering,1603.11.00,1371.22.00,1165.24.00,1665.44.00,1631.58.00,8979,3862,88682,5,50.24.00,
k-Nearest Neighbors CorrelationFiltering,1572.47.00,1156.10.00,1114.12.00,1201.24.00,1600.16.00,6476,3211,89333,2508,57.27.00,
Neural Networks CorrelationFiltering,1599.49.00,1347.34.00,1166.33.00,1595.03.00,1631.33.00,8598,3686,88858,386,43.6,
Naive Bayes CorrelationFiltering,720.04.00,384.48.00,218.36.00,1605.38.00,1398.53.00,8655,57335,35209,329,0.35,
XGBoost CorrelationFiltering,1601.28.00,1358.49.00,1166.56.00,1626.13.00,1631.33.00,8766,3754,88790,218,1.42,
Logistic Regression vif,1519.07.00,448.47.00,832.20.00,307.13.00,1507.39.00,1656,1660,90884,7328,2.02,"{'C': 1.0, 'class_weight': None, 'dual': False, 'fit_intercept': True, 'intercept_scaling': 1, 'l1_ratio': None, 'max_iter': 100, 'multi_class': 'deprecated', 'n_jobs': None, 'penalty': 'l2', 'random_state': 1, 'solver': 'lbfgs', 'tol': 0.0001, 'verbose': 0, 'warm_start': False}"
Decision Tree vif,1580.56.00,1195.02.00,1164.11.00,1227.33.00,1593.31.00,6617,2856,89688,2367,1.34,"{'ccp_alpha': 0.0, 'class_weight': None, 'criterion': 'gini', 'max_depth': None, 'max_features': None, 'max_leaf_nodes': None, 'min_impurity_decrease': 0.0, 'min_samples_leaf': 1, 'min_samples_split': 2, 'min_weight_fraction_leaf': 0.0, 'monotonic_cst': None, 'random_state': 1, 'splitter': 'best'}"
Random Forest vif,1588.10.00,1258.27.00,1165.34.00,1367.26.00,1631.51.00,7371,3169,89375,1613,16.22,"{'bootstrap': True, 'ccp_alpha': 0.0, 'class_weight': None, 'criterion': 'gini', 'max_depth': None, 'max_features': 'sqrt', 'max_leaf_nodes': None, 'max_samples': None, 'min_impurity_decrease': 0.0, 'min_samples_leaf': 1, 'min_samples_split': 2, 'min_weight_fraction_leaf': 0.0, 'monotonic_cst': None, 'n_estimators': 100, 'n_jobs': None, 'oob_score': False, 'random_state': 1, 'verbose': 0, 'warm_start': False}"
Gradient Boosting Machines vif,1603.08.00,1371.04.00,1165.21.00,1665.00.00,1632.07.00,8975,3861,88683,9,48.33.00,"{'ccp_alpha': 0.0, 'criterion': 'friedman_mse', 'init': None, 'learning_rate': 0.1, 'loss': 'log_loss', 'max_depth': 3, 'max_features': None, 'max_leaf_nodes': None, 'min_impurity_decrease': 0.0, 'min_samples_leaf': 1, 'min_samples_split': 2, 'min_weight_fraction_leaf': 0.0, 'n_estimators': 100, 'n_iter_no_change': None, 'random_state': 1, 'subsample': 1.0, 'tol': 0.0001, 'validation_fraction': 0.1, 'verbose': 0, 'warm_start': False}"
k-Nearest Neighbors vif,1573.30.00,1159.59.00,1118.07.00,1205.06.00,1600.41.00,6496,3187,89357,2488,56.4,"{'algorithm': 'auto', 'leaf_size': 30, 'metric': 'minkowski', 'metric_params': None, 'n_jobs': None, 'n_neighbors': 5, 'p': 2, 'weights': 'uniform'}"
Neural Networks vif,1599.26.00,1344.21.00,1167.19.00,1584.40.00,1632.02.00,8542,3654,88890,442,43.8,"{'activation': 'relu', 'alpha': 0.0001, 'batch_size': 'auto', 'beta_1': 0.9, 'beta_2': 0.999, 'early_stopping': False, 'epsilon': 1e-08, 'hidden_layer_sizes': (100,), 'learning_rate': 'constant', 'learning_rate_init': 0.001, 'max_fun': 15000, 'max_iter': 200, 'momentum': 0.9, 'n_iter_no_change': 10, 'nesterovs_momentum': True, 'power_t': 0.5, 'random_state': 1, 'shuffle': True, 'solver': 'adam', 'tol': 0.0001, 'validation_fraction': 0.1, 'verbose': False, 'warm_start': False}"
Naive Bayes vif,1378.03.00,610.46.00,451.34.00,943.21.00,1362.10.00,5085,13683,78861,3899,0.44,"{'priors': None, 'var_smoothing': 1e-09}"
XGBoost vif,1601.02.00,1356.15.00,1166.13.00,1620.17.00,1631.34.00,8734,3748,88796,250,1.37,"{'objective': 'binary:logistic', 'base_score': None, 'booster': None, 'callbacks': None, 'colsample_bylevel': None, 'colsample_bynode': None, 'colsample_bytree': None, 'device': None, 'early_stopping_rounds': None, 'enable_categorical': False, 'eval_metric': None, 'feature_types': None, 'gamma': None, 'grow_policy': None, 'importance_type': None, 'interaction_constraints': None, 'learning_rate': None, 'max_bin': None, 'max_cat_threshold': None, 'max_cat_to_onehot': None, 'max_delta_step': None, 'max_depth': None, 'max_leaves': None, 'min_child_weight': None, 'missing': nan, 'monotone_constraints': None, 'multi_strategy': None, 'n_estimators': None, 'n_jobs': None, 'num_parallel_tree': None, 'random_state': 1, 'reg_alpha': None, 'reg_lambda': None, 'sampling_method': None, 'scale_pos_weight': None, 'subsample': None, 'tree_method': None, 'validate_parameters': None, 'verbosity': None}"
Logistic Regression vif,1519.07.00,448.47.00,832.20.00,307.13.00,1507.39.00,1656,1660,90884,7328,2.02,
Decision Tree vif,1580.56.00,1195.02.00,1164.11.00,1227.33.00,1593.31.00,6617,2856,89688,2367,1.34,
Random Forest vif,1588.10.00,1258.27.00,1165.34.00,1367.26.00,1631.51.00,7371,3169,89375,1613,16.22,
Gradient Boosting Machines vif,1603.08.00,1371.04.00,1165.21.00,1665.00.00,1632.07.00,8975,3861,88683,9,48.33.00,
k-Nearest Neighbors vif,1573.30.00,1159.59.00,1118.07.00,1205.06.00,1600.41.00,6496,3187,89357,2488,56.4,
Neural Networks vif,1599.26.00,1344.21.00,1167.19.00,1584.40.00,1632.02.00,8542,3654,88890,442,43.8,
Naive Bayes vif,1378.03.00,610.46.00,451.34.00,943.21.00,1362.10.00,5085,13683,78861,3899,0.44,
XGBoost vif,1601.02.00,1356.15.00,1166.13.00,1620.17.00,1631.34.00,8734,3748,88796,250,1.37,
Logistic Regression kbest k:5,1517.33.00,400.47.00,805.20.00,266.46.00,1499.28.00,1438,1538,91006,7546,0.36,"{'C': 1.0, 'class_weight': None, 'dual': False, 'fit_intercept': True, 'intercept_scaling': 1, 'l1_ratio': None, 'max_iter': 100, 'multi_class': 'deprecated', 'n_jobs': None, 'penalty': 'l2', 'random_state': 1, 'solver': 'lbfgs', 'tol': 0.0001, 'verbose': 0, 'warm_start': False}"
Decision Tree kbest k:5,1581.06.00,1196.27.00,1164.34.00,1230.09.00,1593.38.00,6631,2859,89685,2353,0.44,"{'ccp_alpha': 0.0, 'class_weight': None, 'criterion': 'gini', 'max_depth': None, 'max_features': None, 'max_leaf_nodes': None, 'min_impurity_decrease': 0.0, 'min_samples_leaf': 1, 'min_samples_split': 2, 'min_weight_fraction_leaf': 0.0, 'monotonic_cst': None, 'random_state': 1, 'splitter': 'best'}"
Random Forest kbest k:5,1588.20.00,1260.18.00,1164.50.00,1372.49.00,1631.46.00,7400,3188,89356,1584,10.41,"{'bootstrap': True, 'ccp_alpha': 0.0, 'class_weight': None, 'criterion': 'gini', 'max_depth': None, 'max_features': 'sqrt', 'max_leaf_nodes': None, 'max_samples': None, 'min_impurity_decrease': 0.0, 'min_samples_leaf': 1, 'min_samples_split': 2, 'min_weight_fraction_leaf': 0.0, 'monotonic_cst': None, 'n_estimators': 100, 'n_jobs': None, 'oob_score': False, 'random_state': 1, 'verbose': 0, 'warm_start': False}"
Gradient Boosting Machines kbest k:5,1603.09.00,1371.06.00,1165.29.00,1664.49.00,1631.51.00,8974,3859,88685,10,16.39,"{'ccp_alpha': 0.0, 'criterion': 'friedman_mse', 'init': None, 'learning_rate': 0.1, 'loss': 'log_loss', 'max_depth': 3, 'max_features': None, 'max_leaf_nodes': None, 'min_impurity_decrease': 0.0, 'min_samples_leaf': 1, 'min_samples_split': 2, 'min_weight_fraction_leaf': 0.0, 'n_estimators': 100, 'n_iter_no_change': None, 'random_state': 1, 'subsample': 1.0, 'tol': 0.0001, 'validation_fraction': 0.1, 'verbose': 0, 'warm_start': False}"
k-Nearest Neighbors kbest k:5,1587.41.00,1255.22.00,1164.11.00,1362.03.00,1626.38.00,7342,3169,89375,1642,8.27,"{'algorithm': 'auto', 'leaf_size': 30, 'metric': 'minkowski', 'metric_params': None, 'n_jobs': None, 'n_neighbors': 5, 'p': 2, 'weights': 'uniform'}"
Neural Networks kbest k:5,1602.50.00,1369.00.00,1165.16.00,1659.04.00,1632.14.00,8943,3848,88696,41,14.33,"{'activation': 'relu', 'alpha': 0.0001, 'batch_size': 'auto', 'beta_1': 0.9, 'beta_2': 0.999, 'early_stopping': False, 'epsilon': 1e-08, 'hidden_layer_sizes': (100,), 'learning_rate': 'constant', 'learning_rate_init': 0.001, 'max_fun': 15000, 'max_iter': 200, 'momentum': 0.9, 'n_iter_no_change': 10, 'nesterovs_momentum': True, 'power_t': 0.5, 'random_state': 1, 'shuffle': True, 'solver': 'adam', 'tol': 0.0001, 'validation_fraction': 0.1, 'verbose': False, 'warm_start': False}"
Naive Bayes kbest k:5,1501.57.00,519.40.00,676.58.00,421.41.00,1512.45.00,2273,3323,89221,6711,0.26,"{'priors': None, 'var_smoothing': 1e-09}"
XGBoost kbest k:5,1601.20.00,1358.41.00,1165.30.00,1628.38.00,1632.17.00,8779,3775,88769,205,1.18,"{'objective': 'binary:logistic', 'base_score': None, 'booster': None, 'callbacks': None, 'colsample_bylevel': None, 'colsample_bynode': None, 'colsample_bytree': None, 'device': None, 'early_stopping_rounds': None, 'enable_categorical': False, 'eval_metric': None, 'feature_types': None, 'gamma': None, 'grow_policy': None, 'importance_type': None, 'interaction_constraints': None, 'learning_rate': None, 'max_bin': None, 'max_cat_threshold': None, 'max_cat_to_onehot': None, 'max_delta_step': None, 'max_depth': None, 'max_leaves': None, 'min_child_weight': None, 'missing': nan, 'monotone_constraints': None, 'multi_strategy': None, 'n_estimators': None, 'n_jobs': None, 'num_parallel_tree': None, 'random_state': 1, 'reg_alpha': None, 'reg_lambda': None, 'sampling_method': None, 'scale_pos_weight': None, 'subsample': None, 'tree_method': None, 'validate_parameters': None, 'verbosity': None}"
Logistic Regression kbest k:10,1519.41.00,463.57.00,840.38.00,320.23.00,1529.43.00,1727,1697,90847,7257,1.07,"{'C': 1.0, 'class_weight': None, 'dual': False, 'fit_intercept': True, 'intercept_scaling': 1, 'l1_ratio': None, 'max_iter': 100, 'multi_class': 'deprecated', 'n_jobs': None, 'penalty': 'l2', 'random_state': 1, 'solver': 'lbfgs', 'tol': 0.0001, 'verbose': 0, 'warm_start': False}"
Decision Tree kbest k:10,1581.00.00,1195.30.00,1164.24.00,1228.18.00,1592.42.00,6621,2856,89688,2363,0.48,"{'ccp_alpha': 0.0, 'class_weight': None, 'criterion': 'gini', 'max_depth': None, 'max_features': None, 'max_leaf_nodes': None, 'min_impurity_decrease': 0.0, 'min_samples_leaf': 1, 'min_samples_split': 2, 'min_weight_fraction_leaf': 0.0, 'monotonic_cst': None, 'random_state': 1, 'splitter': 'best'}"
Random Forest kbest k:10,1588.22.00,1259.51.00,1165.56.00,1370.13.00,1631.50.00,7386,3172,89372,1598,10.29,"{'bootstrap': True, 'ccp_alpha': 0.0, 'class_weight': None, 'criterion': 'gini', 'max_depth': None, 'max_features': 'sqrt', 'max_leaf_nodes': None, 'max_samples': None, 'min_impurity_decrease': 0.0, 'min_samples_leaf': 1, 'min_samples_split': 2, 'min_weight_fraction_leaf': 0.0, 'monotonic_cst': None, 'n_estimators': 100, 'n_jobs': None, 'oob_score': False, 'random_state': 1, 'verbose': 0, 'warm_start': False}"
Gradient Boosting Machines kbest k:10,1603.08.00,1371.02.00,1165.24.00,1664.49.00,1631.50.00,8974,3860,88684,10,19.05,"{'ccp_alpha': 0.0, 'criterion': 'friedman_mse', 'init': None, 'learning_rate': 0.1, 'loss': 'log_loss', 'max_depth': 3, 'max_features': None, 'max_leaf_nodes': None, 'min_impurity_decrease': 0.0, 'min_samples_leaf': 1, 'min_samples_split': 2, 'min_weight_fraction_leaf': 0.0, 'n_estimators': 100, 'n_iter_no_change': None, 'random_state': 1, 'subsample': 1.0, 'tol': 0.0001, 'validation_fraction': 0.1, 'verbose': 0, 'warm_start': False}"
k-Nearest Neighbors kbest k:10,1583.46.00,1227.40.00,1155.07.00,1309.55.00,1620.16.00,7061,3127,89417,1923,22.54,"{'algorithm': 'auto', 'leaf_size': 30, 'metric': 'minkowski', 'metric_params': None, 'n_jobs': None, 'n_neighbors': 5, 'p': 2, 'weights': 'uniform'}"
Neural Networks kbest k:10,1602.30.00,1365.55.00,1166.53.00,1646.49.00,1632.21.00,8877,3802,88742,107,15.14,"{'activation': 'relu', 'alpha': 0.0001, 'batch_size': 'auto', 'beta_1': 0.9, 'beta_2': 0.999, 'early_stopping': False, 'epsilon': 1e-08, 'hidden_layer_sizes': (100,), 'learning_rate': 'constant', 'learning_rate_init': 0.001, 'max_fun': 15000, 'max_iter': 200, 'momentum': 0.9, 'n_iter_no_change': 10, 'nesterovs_momentum': True, 'power_t': 0.5, 'random_state': 1, 'shuffle': True, 'solver': 'adam', 'tol': 0.0001, 'validation_fraction': 0.1, 'verbose': False, 'warm_start': False}"
Naive Bayes kbest k:10,705.04.00,390.41.00,221.20.00,1663.42.00,1499.01.00,8968,58562,33982,16,0.22,"{'priors': None, 'var_smoothing': 1e-09}"
XGBoost kbest k:10,1601.17.00,1358.19.00,1165.32.00,1627.31.00,1631.47.00,8773,3772,88772,211,1.28,"{'objective': 'binary:logistic', 'base_score': None, 'booster': None, 'callbacks': None, 'colsample_bylevel': None, 'colsample_bynode': None, 'colsample_bytree': None, 'device': None, 'early_stopping_rounds': None, 'enable_categorical': False, 'eval_metric': None, 'feature_types': None, 'gamma': None, 'grow_policy': None, 'importance_type': None, 'interaction_constraints': None, 'learning_rate': None, 'max_bin': None, 'max_cat_threshold': None, 'max_cat_to_onehot': None, 'max_delta_step': None, 'max_depth': None, 'max_leaves': None, 'min_child_weight': None, 'missing': nan, 'monotone_constraints': None, 'multi_strategy': None, 'n_estimators': None, 'n_jobs': None, 'num_parallel_tree': None, 'random_state': 1, 'reg_alpha': None, 'reg_lambda': None, 'sampling_method': None, 'scale_pos_weight': None, 'subsample': None, 'tree_method': None, 'validate_parameters': None, 'verbosity': None}"
Logistic Regression kbest k:15,1519.27.00,458.34.00,837.16.00,315.45.00,1529.15.00,1702,1686,90858,7282,1.29,"{'C': 1.0, 'class_weight': None, 'dual': False, 'fit_intercept': True, 'intercept_scaling': 1, 'l1_ratio': None, 'max_iter': 100, 'multi_class': 'deprecated', 'n_jobs': None, 'penalty': 'l2', 'random_state': 1, 'solver': 'lbfgs', 'tol': 0.0001, 'verbose': 0, 'warm_start': False}"
Decision Tree kbest k:15,1580.42.00,1193.40.00,1163.06.00,1225.53.00,1592.05.00,6608,2861,89683,2376,0.53,"{'ccp_alpha': 0.0, 'class_weight': None, 'criterion': 'gini', 'max_depth': None, 'max_features': None, 'max_leaf_nodes': None, 'min_impurity_decrease': 0.0, 'min_samples_leaf': 1, 'min_samples_split': 2, 'min_weight_fraction_leaf': 0.0, 'monotonic_cst': None, 'random_state': 1, 'splitter': 'best'}"
Random Forest kbest k:15,1588.00.00,1257.28.00,1164.57.00,1365.57.00,1631.48.00,7363,3171,89373,1621,10.21,"{'bootstrap': True, 'ccp_alpha': 0.0, 'class_weight': None, 'criterion': 'gini', 'max_depth': None, 'max_features': 'sqrt', 'max_leaf_nodes': None, 'max_samples': None, 'min_impurity_decrease': 0.0, 'min_samples_leaf': 1, 'min_samples_split': 2, 'min_weight_fraction_leaf': 0.0, 'monotonic_cst': None, 'n_estimators': 100, 'n_jobs': None, 'oob_score': False, 'random_state': 1, 'verbose': 0, 'warm_start': False}"
Gradient Boosting Machines kbest k:15,1603.09.00,1371.06.00,1165.29.00,1664.49.00,1632.02.00,8974,3859,88685,10,22.04,"{'ccp_alpha': 0.0, 'criterion': 'friedman_mse', 'init': None, 'learning_rate': 0.1, 'loss': 'log_loss', 'max_depth': 3, 'max_features': None, 'max_leaf_nodes': None, 'min_impurity_decrease': 0.0, 'min_samples_leaf': 1, 'min_samples_split': 2, 'min_weight_fraction_leaf': 0.0, 'n_estimators': 100, 'n_iter_no_change': None, 'random_state': 1, 'subsample': 1.0, 'tol': 0.0001, 'validation_fraction': 0.1, 'verbose': 0, 'warm_start': False}"
k-Nearest Neighbors kbest k:15,1577.46.00,1188.16.00,1134.20.00,1247.35.00,1612.36.00,6725,3156,89388,2259,49.37.00,"{'algorithm': 'auto', 'leaf_size': 30, 'metric': 'minkowski', 'metric_params': None, 'n_jobs': None, 'n_neighbors': 5, 'p': 2, 'weights': 'uniform'}"
Neural Networks kbest k:15,1601.50.00,1362.15.00,1165.22.00,1639.13.00,1631.47.00,8836,3801,88743,148,23.16,"{'activation': 'relu', 'alpha': 0.0001, 'batch_size': 'auto', 'beta_1': 0.9, 'beta_2': 0.999, 'early_stopping': False, 'epsilon': 1e-08, 'hidden_layer_sizes': (100,), 'learning_rate': 'constant', 'learning_rate_init': 0.001, 'max_fun': 15000, 'max_iter': 200, 'momentum': 0.9, 'n_iter_no_change': 10, 'nesterovs_momentum': True, 'power_t': 0.5, 'random_state': 1, 'shuffle': True, 'solver': 'adam', 'tol': 0.0001, 'validation_fraction': 0.1, 'verbose': False, 'warm_start': False}"
Naive Bayes kbest k:15,439.42.00,322.38.00,178.38.00,1664.15.00,1491.14.00,8971,74730,17814,13,0.23,"{'priors': None, 'var_smoothing': 1e-09}"
XGBoost kbest k:15,1600.48.00,1355.00.00,1165.36.00,1617.53.00,1632.04.00,8721,3749,88795,263,1.01,"{'objective': 'binary:logistic', 'base_score': None, 'booster': None, 'callbacks': None, 'colsample_bylevel': None, 'colsample_bynode': None, 'colsample_bytree': None, 'device': None, 'early_stopping_rounds': None, 'enable_categorical': False, 'eval_metric': None, 'feature_types': None, 'gamma': None, 'grow_policy': None, 'importance_type': None, 'interaction_constraints': None, 'learning_rate': None, 'max_bin': None, 'max_cat_threshold': None, 'max_cat_to_onehot': None, 'max_delta_step': None, 'max_depth': None, 'max_leaves': None, 'min_child_weight': None, 'missing': nan, 'monotone_constraints': None, 'multi_strategy': None, 'n_estimators': None, 'n_jobs': None, 'num_parallel_tree': None, 'random_state': 1, 'reg_alpha': None, 'reg_lambda': None, 'sampling_method': None, 'scale_pos_weight': None, 'subsample': None, 'tree_method': None, 'validate_parameters': None, 'verbosity': None}"
Logistic Regression kbest k:20,1519.45.00,458.03.00,841.46.00,314.38.00,1529.34.00,1696,1662,90882,7288,1.48,"{'C': 1.0, 'class_weight': None, 'dual': False, 'fit_intercept': True, 'intercept_scaling': 1, 'l1_ratio': None, 'max_iter': 100, 'multi_class': 'deprecated', 'n_jobs': None, 'penalty': 'l2', 'random_state': 1, 'solver': 'lbfgs', 'tol': 0.0001, 'verbose': 0, 'warm_start': False}"
Decision Tree kbest k:20,1580.48.00,1193.42.00,1164.19.00,1224.35.00,1592.56.00,6601,2848,89696,2383,0.58,"{'ccp_alpha': 0.0, 'class_weight': None, 'criterion': 'gini', 'max_depth': None, 'max_features': None, 'max_leaf_nodes': None, 'min_impurity_decrease': 0.0, 'min_samples_leaf': 1, 'min_samples_split': 2, 'min_weight_fraction_leaf': 0.0, 'monotonic_cst': None, 'random_state': 1, 'splitter': 'best'}"
Random Forest kbest k:20,1588.06.00,1258.12.00,1165.07.00,1367.26.00,1631.47.00,7371,3173,89371,1613,11.14,"{'bootstrap': True, 'ccp_alpha': 0.0, 'class_weight': None, 'criterion': 'gini', 'max_depth': None, 'max_features': 'sqrt', 'max_leaf_nodes': None, 'max_samples': None, 'min_impurity_decrease': 0.0, 'min_samples_leaf': 1, 'min_samples_split': 2, 'min_weight_fraction_leaf': 0.0, 'monotonic_cst': None, 'n_estimators': 100, 'n_jobs': None, 'oob_score': False, 'random_state': 1, 'verbose': 0, 'warm_start': False}"
Gradient Boosting Machines kbest k:20,1603.09.00,1371.06.00,1165.29.00,1664.49.00,1632.02.00,8974,3859,88685,10,24.39.00,"{'ccp_alpha': 0.0, 'criterion': 'friedman_mse', 'init': None, 'learning_rate': 0.1, 'loss': 'log_loss', 'max_depth': 3, 'max_features': None, 'max_leaf_nodes': None, 'min_impurity_decrease': 0.0, 'min_samples_leaf': 1, 'min_samples_split': 2, 'min_weight_fraction_leaf': 0.0, 'n_estimators': 100, 'n_iter_no_change': None, 'random_state': 1, 'subsample': 1.0, 'tol': 0.0001, 'validation_fraction': 0.1, 'verbose': 0, 'warm_start': False}"
k-Nearest Neighbors kbest k:20,1575.00.00,1172.06.00,1121.27.00,1227.33.00,1604.21.00,6617,3217,89327,2367,52.27.00,"{'algorithm': 'auto', 'leaf_size': 30, 'metric': 'minkowski', 'metric_params': None, 'n_jobs': None, 'n_neighbors': 5, 'p': 2, 'weights': 'uniform'}"
Neural Networks kbest k:20,1601.54.00,1361.53.00,1166.54.00,1635.08.00,1632.28.00,8814,3775,88769,170,30.53.00,"{'activation': 'relu', 'alpha': 0.0001, 'batch_size': 'auto', 'beta_1': 0.9, 'beta_2': 0.999, 'early_stopping': False, 'epsilon': 1e-08, 'hidden_layer_sizes': (100,), 'learning_rate': 'constant', 'learning_rate_init': 0.001, 'max_fun': 15000, 'max_iter': 200, 'momentum': 0.9, 'n_iter_no_change': 10, 'nesterovs_momentum': True, 'power_t': 0.5, 'random_state': 1, 'shuffle': True, 'solver': 'adam', 'tol': 0.0001, 'validation_fraction': 0.1, 'verbose': False, 'warm_start': False}"
Naive Bayes kbest k:20,505.21.00,334.23.00,186.05.00,1647.00.00,1471.36.00,8878,70638,21906,106,0.25,"{'priors': None, 'var_smoothing': 1e-09}"
XGBoost kbest k:20,1600.21.00,1352.23.00,1164.31.00,1612.30.00,1631.48.00,8692,3748,88796,292,1.1,"{'objective': 'binary:logistic', 'base_score': None, 'booster': None, 'callbacks': None, 'colsample_bylevel': None, 'colsample_bynode': None, 'colsample_bytree': None, 'device': None, 'early_stopping_rounds': None, 'enable_categorical': False, 'eval_metric': None, 'feature_types': None, 'gamma': None, 'grow_policy': None, 'importance_type': None, 'interaction_constraints': None, 'learning_rate': None, 'max_bin': None, 'max_cat_threshold': None, 'max_cat_to_onehot': None, 'max_delta_step': None, 'max_depth': None, 'max_leaves': None, 'min_child_weight': None, 'missing': nan, 'monotone_constraints': None, 'multi_strategy': None, 'n_estimators': None, 'n_jobs': None, 'num_parallel_tree': None, 'random_state': 1, 'reg_alpha': None, 'reg_lambda': None, 'sampling_method': None, 'scale_pos_weight': None, 'subsample': None, 'tree_method': None, 'validate_parameters': None, 'verbosity': None}"
Logistic Regression kbest k:25,1520.23.00,464.24.00,851.23.00,319.16.00,1529.47.00,1721,1648,90896,7263,1.29,"{'C': 1.0, 'class_weight': None, 'dual': False, 'fit_intercept': True, 'intercept_scaling': 1, 'l1_ratio': None, 'max_iter': 100, 'multi_class': 'deprecated', 'n_jobs': None, 'penalty': 'l2', 'random_state': 1, 'solver': 'lbfgs', 'tol': 0.0001, 'verbose': 0, 'warm_start': False}"
Decision Tree kbest k:25,1581.02.00,1196.11.00,1163.53.00,1230.20.00,1593.33.00,6632,2865,89679,2352,1.03,"{'ccp_alpha': 0.0, 'class_weight': None, 'criterion': 'gini', 'max_depth': None, 'max_features': None, 'max_leaf_nodes': None, 'min_impurity_decrease': 0.0, 'min_samples_leaf': 1, 'min_samples_split': 2, 'min_weight_fraction_leaf': 0.0, 'monotonic_cst': None, 'random_state': 1, 'splitter': 'best'}"
Random Forest kbest k:25,1588.10.00,1258.30.00,1165.30.00,1367.37.00,1631.48.00,7372,3170,89374,1612,12.02,"{'bootstrap': True, 'ccp_alpha': 0.0, 'class_weight': None, 'criterion': 'gini', 'max_depth': None, 'max_features': 'sqrt', 'max_leaf_nodes': None, 'max_samples': None, 'min_impurity_decrease': 0.0, 'min_samples_leaf': 1, 'min_samples_split': 2, 'min_weight_fraction_leaf': 0.0, 'monotonic_cst': None, 'n_estimators': 100, 'n_jobs': None, 'oob_score': False, 'random_state': 1, 'verbose': 0, 'warm_start': False}"
Gradient Boosting Machines kbest k:25,1603.09.00,1371.06.00,1165.29.00,1664.49.00,1632.06.00,8974,3859,88685,10,26.53.00,"{'ccp_alpha': 0.0, 'criterion': 'friedman_mse', 'init': None, 'learning_rate': 0.1, 'loss': 'log_loss', 'max_depth': 3, 'max_features': None, 'max_leaf_nodes': None, 'min_impurity_decrease': 0.0, 'min_samples_leaf': 1, 'min_samples_split': 2, 'min_weight_fraction_leaf': 0.0, 'n_estimators': 100, 'n_iter_no_change': None, 'random_state': 1, 'subsample': 1.0, 'tol': 0.0001, 'validation_fraction': 0.1, 'verbose': 0, 'warm_start': False}"
k-Nearest Neighbors kbest k:25,1573.22.00,1160.11.00,1116.15.00,1207.42.00,1601.47.00,6510,3210,89334,2474,58.13.00,"{'algorithm': 'auto', 'leaf_size': 30, 'metric': 'minkowski', 'metric_params': None, 'n_jobs': None, 'n_neighbors': 5, 'p': 2, 'weights': 'uniform'}"
Neural Networks kbest k:25,1599.23.00,1345.22.00,1164.52.00,1592.05.00,1631.40.00,8582,3697,88847,402,37.01.00,"{'activation': 'relu', 'alpha': 0.0001, 'batch_size': 'auto', 'beta_1': 0.9, 'beta_2': 0.999, 'early_stopping': False, 'epsilon': 1e-08, 'hidden_layer_sizes': (100,), 'learning_rate': 'constant', 'learning_rate_init': 0.001, 'max_fun': 15000, 'max_iter': 200, 'momentum': 0.9, 'n_iter_no_change': 10, 'nesterovs_momentum': True, 'power_t': 0.5, 'random_state': 1, 'shuffle': True, 'solver': 'adam', 'tol': 0.0001, 'validation_fraction': 0.1, 'verbose': False, 'warm_start': False}"
Naive Bayes kbest k:25,505.53.00,334.31.00,186.10.00,1647.00.00,1459.36.00,8878,70605,21939,106,0.28,"{'priors': None, 'var_smoothing': 1e-09}"
XGBoost kbest k:25,1600.46.00,1354.29.00,1166.06.00,1615.28.00,1631.36.00,8708,3738,88806,276,1.19,"{'objective': 'binary:logistic', 'base_score': None, 'booster': None, 'callbacks': None, 'colsample_bylevel': None, 'colsample_bynode': None, 'colsample_bytree': None, 'device': None, 'early_stopping_rounds': None, 'enable_categorical': False, 'eval_metric': None, 'feature_types': None, 'gamma': None, 'grow_policy': None, 'importance_type': None, 'interaction_constraints': None, 'learning_rate': None, 'max_bin': None, 'max_cat_threshold': None, 'max_cat_to_onehot': None, 'max_delta_step': None, 'max_depth': None, 'max_leaves': None, 'min_child_weight': None, 'missing': nan, 'monotone_constraints': None, 'multi_strategy': None, 'n_estimators': None, 'n_jobs': None, 'num_parallel_tree': None, 'random_state': 1, 'reg_alpha': None, 'reg_lambda': None, 'sampling_method': None, 'scale_pos_weight': None, 'subsample': None, 'tree_method': None, 'validate_parameters': None, 'verbosity': None}"
Logistic Regression kbest k:30,1520.15.00,464.52.00,849.20.00,320.01.00,1529.49.00,1725,1660,90884,7259,1.1,"{'C': 1.0, 'class_weight': None, 'dual': False, 'fit_intercept': True, 'intercept_scaling': 1, 'l1_ratio': None, 'max_iter': 100, 'multi_class': 'deprecated', 'n_jobs': None, 'penalty': 'l2', 'random_state': 1, 'solver': 'lbfgs', 'tol': 0.0001, 'verbose': 0, 'warm_start': False}"
Decision Tree kbest k:30,1580.44.00,1194.18.00,1162.39.00,1227.44.00,1593.29.00,6618,2869,89675,2366,1.09,"{'ccp_alpha': 0.0, 'class_weight': None, 'criterion': 'gini', 'max_depth': None, 'max_features': None, 'max_leaf_nodes': None, 'min_impurity_decrease': 0.0, 'min_samples_leaf': 1, 'min_samples_split': 2, 'min_weight_fraction_leaf': 0.0, 'monotonic_cst': None, 'random_state': 1, 'splitter': 'best'}"
Random Forest kbest k:30,1587.55.00,1256.59.00,1164.39.00,1365.12.00,1631.43.00,7359,3172,89372,1625,13.33,"{'bootstrap': True, 'ccp_alpha': 0.0, 'class_weight': None, 'criterion': 'gini', 'max_depth': None, 'max_features': 'sqrt', 'max_leaf_nodes': None, 'max_samples': None, 'min_impurity_decrease': 0.0, 'min_samples_leaf': 1, 'min_samples_split': 2, 'min_weight_fraction_leaf': 0.0, 'monotonic_cst': None, 'n_estimators': 100, 'n_jobs': None, 'oob_score': False, 'random_state': 1, 'verbose': 0, 'warm_start': False}"
Gradient Boosting Machines kbest k:30,1603.09.00,1371.06.00,1165.29.00,1664.49.00,1632.05.00,8974,3859,88685,10,29.36.00,"{'ccp_alpha': 0.0, 'criterion': 'friedman_mse', 'init': None, 'learning_rate': 0.1, 'loss': 'log_loss', 'max_depth': 3, 'max_features': None, 'max_leaf_nodes': None, 'min_impurity_decrease': 0.0, 'min_samples_leaf': 1, 'min_samples_split': 2, 'min_weight_fraction_leaf': 0.0, 'n_estimators': 100, 'n_iter_no_change': None, 'random_state': 1, 'subsample': 1.0, 'tol': 0.0001, 'validation_fraction': 0.1, 'verbose': 0, 'warm_start': False}"
k-Nearest Neighbors kbest k:30,1572.34.00,1155.41.00,1112.22.00,1202.30.00,1600.03.00,6482,3230,89314,2502,59.02.00,"{'algorithm': 'auto', 'leaf_size': 30, 'metric': 'minkowski', 'metric_params': None, 'n_jobs': None, 'n_neighbors': 5, 'p': 2, 'weights': 'uniform'}"
Neural Networks kbest k:30,1601.43.00,1360.49.00,1166.22.00,1633.05.00,1632.06.00,8803,3776,88768,181,47.25.00,"{'activation': 'relu', 'alpha': 0.0001, 'batch_size': 'auto', 'beta_1': 0.9, 'beta_2': 0.999, 'early_stopping': False, 'epsilon': 1e-08, 'hidden_layer_sizes': (100,), 'learning_rate': 'constant', 'learning_rate_init': 0.001, 'max_fun': 15000, 'max_iter': 200, 'momentum': 0.9, 'n_iter_no_change': 10, 'nesterovs_momentum': True, 'power_t': 0.5, 'random_state': 1, 'shuffle': True, 'solver': 'adam', 'tol': 0.0001, 'validation_fraction': 0.1, 'verbose': False, 'warm_start': False}"
Naive Bayes kbest k:30,511.03.00,335.35.00,186.50.00,1646.16.00,1443.58.00,8874,70286,22258,110,0.3,"{'priors': None, 'var_smoothing': 1e-09}"
XGBoost kbest k:30,1600.39.00,1353.22.00,1166.29.00,1611.34.00,1631.46.00,8687,3725,88819,297,1.37,"{'objective': 'binary:logistic', 'base_score': None, 'booster': None, 'callbacks': None, 'colsample_bylevel': None, 'colsample_bynode': None, 'colsample_bytree': None, 'device': None, 'early_stopping_rounds': None, 'enable_categorical': False, 'eval_metric': None, 'feature_types': None, 'gamma': None, 'grow_policy': None, 'importance_type': None, 'interaction_constraints': None, 'learning_rate': None, 'max_bin': None, 'max_cat_threshold': None, 'max_cat_to_onehot': None, 'max_delta_step': None, 'max_depth': None, 'max_leaves': None, 'min_child_weight': None, 'missing': nan, 'monotone_constraints': None, 'multi_strategy': None, 'n_estimators': None, 'n_jobs': None, 'num_parallel_tree': None, 'random_state': 1, 'reg_alpha': None, 'reg_lambda': None, 'sampling_method': None, 'scale_pos_weight': None, 'subsample': None, 'tree_method': None, 'validate_parameters': None, 'verbosity': None}"
Logistic Regression kbest k:35,1519.59.00,461.56.00,845.25.00,317.47.00,1529.52.00,1713,1664,90880,7271,1.19,"{'C': 1.0, 'class_weight': None, 'dual': False, 'fit_intercept': True, 'intercept_scaling': 1, 'l1_ratio': None, 'max_iter': 100, 'multi_class': 'deprecated', 'n_jobs': None, 'penalty': 'l2', 'random_state': 1, 'solver': 'lbfgs', 'tol': 0.0001, 'verbose': 0, 'warm_start': False}"
Decision Tree kbest k:35,1581.07.00,1196.43.00,1164.24.00,1230.54.00,1593.36.00,6635,2862,89682,2349,1.18,"{'ccp_alpha': 0.0, 'class_weight': None, 'criterion': 'gini', 'max_depth': None, 'max_features': None, 'max_leaf_nodes': None, 'min_impurity_decrease': 0.0, 'min_samples_leaf': 1, 'min_samples_split': 2, 'min_weight_fraction_leaf': 0.0, 'monotonic_cst': None, 'random_state': 1, 'splitter': 'best'}"
Random Forest kbest k:35,1588.10.00,1258.25.00,1165.37.00,1367.15.00,1631.49.00,7370,3168,89376,1614,14.03,"{'bootstrap': True, 'ccp_alpha': 0.0, 'class_weight': None, 'criterion': 'gini', 'max_depth': None, 'max_features': 'sqrt', 'max_leaf_nodes': None, 'max_samples': None, 'min_impurity_decrease': 0.0, 'min_samples_leaf': 1, 'min_samples_split': 2, 'min_weight_fraction_leaf': 0.0, 'monotonic_cst': None, 'n_estimators': 100, 'n_jobs': None, 'oob_score': False, 'random_state': 1, 'verbose': 0, 'warm_start': False}"
Gradient Boosting Machines kbest k:35,1603.08.00,1371.04.00,1165.21.00,1665.00.00,1632.04.00,8975,3861,88683,9,31.26.00,"{'ccp_alpha': 0.0, 'criterion': 'friedman_mse', 'init': None, 'learning_rate': 0.1, 'loss': 'log_loss', 'max_depth': 3, 'max_features': None, 'max_leaf_nodes': None, 'min_impurity_decrease': 0.0, 'min_samples_leaf': 1, 'min_samples_split': 2, 'min_weight_fraction_leaf': 0.0, 'n_estimators': 100, 'n_iter_no_change': None, 'random_state': 1, 'subsample': 1.0, 'tol': 0.0001, 'validation_fraction': 0.1, 'verbose': 0, 'warm_start': False}"
k-Nearest Neighbors kbest k:35,1573.14.00,1159.02.00,1116.02.00,1205.29.00,1600.55.00,6498,3206,89338,2486,63.31.00,"{'algorithm': 'auto', 'leaf_size': 30, 'metric': 'minkowski', 'metric_params': None, 'n_jobs': None, 'n_neighbors': 5, 'p': 2, 'weights': 'uniform'}"
Neural Networks kbest k:35,1598.25.00,1338.03.00,1165.36.00,1570.23.00,1631.41.00,8465,3639,88905,519,51.9,"{'activation': 'relu', 'alpha': 0.0001, 'batch_size': 'auto', 'beta_1': 0.9, 'beta_2': 0.999, 'early_stopping': False, 'epsilon': 1e-08, 'hidden_layer_sizes': (100,), 'learning_rate': 'constant', 'learning_rate_init': 0.001, 'max_fun': 15000, 'max_iter': 200, 'momentum': 0.9, 'n_iter_no_change': 10, 'nesterovs_momentum': True, 'power_t': 0.5, 'random_state': 1, 'shuffle': True, 'solver': 'adam', 'tol': 0.0001, 'validation_fraction': 0.1, 'verbose': False, 'warm_start': False}"
Naive Bayes kbest k:35,524.28.00,337.18.00,188.01.00,1637.32.00,1434.02.00,8827,69422,23122,157,0.37,"{'priors': None, 'var_smoothing': 1e-09}"
XGBoost kbest k:35,1600.55.00,1356.08.00,1164.58.00,1622.20.00,1631.42.00,8745,3766,88778,239,1.39,"{'objective': 'binary:logistic', 'base_score': None, 'booster': None, 'callbacks': None, 'colsample_bylevel': None, 'colsample_bynode': None, 'colsample_bytree': None, 'device': None, 'early_stopping_rounds': None, 'enable_categorical': False, 'eval_metric': None, 'feature_types': None, 'gamma': None, 'grow_policy': None, 'importance_type': None, 'interaction_constraints': None, 'learning_rate': None, 'max_bin': None, 'max_cat_threshold': None, 'max_cat_to_onehot': None, 'max_delta_step': None, 'max_depth': None, 'max_leaves': None, 'min_child_weight': None, 'missing': nan, 'monotone_constraints': None, 'multi_strategy': None, 'n_estimators': None, 'n_jobs': None, 'num_parallel_tree': None, 'random_state': 1, 'reg_alpha': None, 'reg_lambda': None, 'sampling_method': None, 'scale_pos_weight': None, 'subsample': None, 'tree_method': None, 'validate_parameters': None, 'verbosity': None}"
Logistic Regression kbest k:40,1520.01.00,459.52.00,846.01.00,315.45.00,1529.51.00,1702,1651,90893,7282,1.56,"{'C': 1.0, 'class_weight': None, 'dual': False, 'fit_intercept': True, 'intercept_scaling': 1, 'l1_ratio': None, 'max_iter': 100, 'multi_class': 'deprecated', 'n_jobs': None, 'penalty': 'l2', 'random_state': 1, 'solver': 'lbfgs', 'tol': 0.0001, 'verbose': 0, 'warm_start': False}"
Decision Tree kbest k:40,1581.00.00,1195.42.00,1164.07.00,1229.02.00,1592.52.00,6625,2860,89684,2359,1.19,"{'ccp_alpha': 0.0, 'class_weight': None, 'criterion': 'gini', 'max_depth': None, 'max_features': None, 'max_leaf_nodes': None, 'min_impurity_decrease': 0.0, 'min_samples_leaf': 1, 'min_samples_split': 2, 'min_weight_fraction_leaf': 0.0, 'monotonic_cst': None, 'random_state': 1, 'splitter': 'best'}"
Random Forest kbest k:40,1588.04.00,1257.26.00,1165.51.00,1364.39.00,1631.35.00,7356,3160,89384,1628,14.51,"{'bootstrap': True, 'ccp_alpha': 0.0, 'class_weight': None, 'criterion': 'gini', 'max_depth': None, 'max_features': 'sqrt', 'max_leaf_nodes': None, 'max_samples': None, 'min_impurity_decrease': 0.0, 'min_samples_leaf': 1, 'min_samples_split': 2, 'min_weight_fraction_leaf': 0.0, 'monotonic_cst': None, 'n_estimators': 100, 'n_jobs': None, 'oob_score': False, 'random_state': 1, 'verbose': 0, 'warm_start': False}"
Gradient Boosting Machines kbest k:40,1603.09.00,1371.06.00,1165.29.00,1664.49.00,1631.57.00,8974,3859,88685,10,31.55.00,"{'ccp_alpha': 0.0, 'criterion': 'friedman_mse', 'init': None, 'learning_rate': 0.1, 'loss': 'log_loss', 'max_depth': 3, 'max_features': None, 'max_leaf_nodes': None, 'min_impurity_decrease': 0.0, 'min_samples_leaf': 1, 'min_samples_split': 2, 'min_weight_fraction_leaf': 0.0, 'n_estimators': 100, 'n_iter_no_change': None, 'random_state': 1, 'subsample': 1.0, 'tol': 0.0001, 'validation_fraction': 0.1, 'verbose': 0, 'warm_start': False}"
k-Nearest Neighbors kbest k:40,1572.33.00,1154.58.00,1112.57.00,1200.17.00,1600.21.00,6470,3219,89325,2514,64.06.00,"{'algorithm': 'auto', 'leaf_size': 30, 'metric': 'minkowski', 'metric_params': None, 'n_jobs': None, 'n_neighbors': 5, 'p': 2, 'weights': 'uniform'}"
Neural Networks kbest k:40,1597.02.00,1327.23.00,1166.42.00,1539.24.00,1631.38.00,8298,3556,88988,686,70.36.00,"{'activation': 'relu', 'alpha': 0.0001, 'batch_size': 'auto', 'beta_1': 0.9, 'beta_2': 0.999, 'early_stopping': False, 'epsilon': 1e-08, 'hidden_layer_sizes': (100,), 'learning_rate': 'constant', 'learning_rate_init': 0.001, 'max_fun': 15000, 'max_iter': 200, 'momentum': 0.9, 'n_iter_no_change': 10, 'nesterovs_momentum': True, 'power_t': 0.5, 'random_state': 1, 'shuffle': True, 'solver': 'adam', 'tol': 0.0001, 'validation_fraction': 0.1, 'verbose': False, 'warm_start': False}"
Naive Bayes kbest k:40,550.50.00,341.31.00,190.49.00,1624.56.00,1408.17.00,8759,67748,24796,225,0.36,"{'priors': None, 'var_smoothing': 1e-09}"
XGBoost kbest k:40,1601.15.00,1357.05.00,1167.26.00,1620.17.00,1631.43.00,8734,3735,88809,250,1.5,"{'objective': 'binary:logistic', 'base_score': None, 'booster': None, 'callbacks': None, 'colsample_bylevel': None, 'colsample_bynode': None, 'colsample_bytree': None, 'device': None, 'early_stopping_rounds': None, 'enable_categorical': False, 'eval_metric': None, 'feature_types': None, 'gamma': None, 'grow_policy': None, 'importance_type': None, 'interaction_constraints': None, 'learning_rate': None, 'max_bin': None, 'max_cat_threshold': None, 'max_cat_to_onehot': None, 'max_delta_step': None, 'max_depth': None, 'max_leaves': None, 'min_child_weight': None, 'missing': nan, 'monotone_constraints': None, 'multi_strategy': None, 'n_estimators': None, 'n_jobs': None, 'num_parallel_tree': None, 'random_state': 1, 'reg_alpha': None, 'reg_lambda': None, 'sampling_method': None, 'scale_pos_weight': None, 'subsample': None, 'tree_method': None, 'validate_parameters': None, 'verbosity': None}"
Logistic Regression kbest k:5,1517.33.00,400.47.00,805.20.00,266.46.00,1499.28.00,1438,1538,91006,7546,0.36,
Decision Tree kbest k:5,1581.06.00,1196.27.00,1164.34.00,1230.09.00,1593.38.00,6631,2859,89685,2353,0.44,
Random Forest kbest k:5,1588.20.00,1260.18.00,1164.50.00,1372.49.00,1631.46.00,7400,3188,89356,1584,10.41,
Gradient Boosting Machines kbest k:5,1603.09.00,1371.06.00,1165.29.00,1664.49.00,1631.51.00,8974,3859,88685,10,16.39,
k-Nearest Neighbors kbest k:5,1587.41.00,1255.22.00,1164.11.00,1362.03.00,1626.38.00,7342,3169,89375,1642,8.27,
Neural Networks kbest k:5,1602.50.00,1369.00.00,1165.16.00,1659.04.00,1632.14.00,8943,3848,88696,41,14.33,
Naive Bayes kbest k:5,1501.57.00,519.40.00,676.58.00,421.41.00,1512.45.00,2273,3323,89221,6711,0.26,
XGBoost kbest k:5,1601.20.00,1358.41.00,1165.30.00,1628.38.00,1632.17.00,8779,3775,88769,205,1.18,
Logistic Regression kbest k:10,1519.41.00,463.57.00,840.38.00,320.23.00,1529.43.00,1727,1697,90847,7257,1.07,
Decision Tree kbest k:10,1581.00.00,1195.30.00,1164.24.00,1228.18.00,1592.42.00,6621,2856,89688,2363,0.48,
Random Forest kbest k:10,1588.22.00,1259.51.00,1165.56.00,1370.13.00,1631.50.00,7386,3172,89372,1598,10.29,
Gradient Boosting Machines kbest k:10,1603.08.00,1371.02.00,1165.24.00,1664.49.00,1631.50.00,8974,3860,88684,10,19.05,
k-Nearest Neighbors kbest k:10,1583.46.00,1227.40.00,1155.07.00,1309.55.00,1620.16.00,7061,3127,89417,1923,22.54,
Neural Networks kbest k:10,1602.30.00,1365.55.00,1166.53.00,1646.49.00,1632.21.00,8877,3802,88742,107,15.14,
Naive Bayes kbest k:10,705.04.00,390.41.00,221.20.00,1663.42.00,1499.01.00,8968,58562,33982,16,0.22,
XGBoost kbest k:10,1601.17.00,1358.19.00,1165.32.00,1627.31.00,1631.47.00,8773,3772,88772,211,1.28,
Logistic Regression kbest k:15,1519.27.00,458.34.00,837.16.00,315.45.00,1529.15.00,1702,1686,90858,7282,1.29,
Decision Tree kbest k:15,1580.42.00,1193.40.00,1163.06.00,1225.53.00,1592.05.00,6608,2861,89683,2376,0.53,
Random Forest kbest k:15,1588.00.00,1257.28.00,1164.57.00,1365.57.00,1631.48.00,7363,3171,89373,1621,10.21,
Gradient Boosting Machines kbest k:15,1603.09.00,1371.06.00,1165.29.00,1664.49.00,1632.02.00,8974,3859,88685,10,22.04,
k-Nearest Neighbors kbest k:15,1577.46.00,1188.16.00,1134.20.00,1247.35.00,1612.36.00,6725,3156,89388,2259,49.37.00,
Neural Networks kbest k:15,1601.50.00,1362.15.00,1165.22.00,1639.13.00,1631.47.00,8836,3801,88743,148,23.16,
Naive Bayes kbest k:15,439.42.00,322.38.00,178.38.00,1664.15.00,1491.14.00,8971,74730,17814,13,0.23,
XGBoost kbest k:15,1600.48.00,1355.00.00,1165.36.00,1617.53.00,1632.04.00,8721,3749,88795,263,1.01,
Logistic Regression kbest k:20,1519.45.00,458.03.00,841.46.00,314.38.00,1529.34.00,1696,1662,90882,7288,1.48,
Decision Tree kbest k:20,1580.48.00,1193.42.00,1164.19.00,1224.35.00,1592.56.00,6601,2848,89696,2383,0.58,
Random Forest kbest k:20,1588.06.00,1258.12.00,1165.07.00,1367.26.00,1631.47.00,7371,3173,89371,1613,11.14,
Gradient Boosting Machines kbest k:20,1603.09.00,1371.06.00,1165.29.00,1664.49.00,1632.02.00,8974,3859,88685,10,24.39.00,
k-Nearest Neighbors kbest k:20,1575.00.00,1172.06.00,1121.27.00,1227.33.00,1604.21.00,6617,3217,89327,2367,52.27.00,
Neural Networks kbest k:20,1601.54.00,1361.53.00,1166.54.00,1635.08.00,1632.28.00,8814,3775,88769,170,30.53.00,
Naive Bayes kbest k:20,505.21.00,334.23.00,186.05.00,1647.00.00,1471.36.00,8878,70638,21906,106,0.25,
XGBoost kbest k:20,1600.21.00,1352.23.00,1164.31.00,1612.30.00,1631.48.00,8692,3748,88796,292,1.1,
Logistic Regression kbest k:25,1520.23.00,464.24.00,851.23.00,319.16.00,1529.47.00,1721,1648,90896,7263,1.29,
Decision Tree kbest k:25,1581.02.00,1196.11.00,1163.53.00,1230.20.00,1593.33.00,6632,2865,89679,2352,1.03,
Random Forest kbest k:25,1588.10.00,1258.30.00,1165.30.00,1367.37.00,1631.48.00,7372,3170,89374,1612,12.02,
Gradient Boosting Machines kbest k:25,1603.09.00,1371.06.00,1165.29.00,1664.49.00,1632.06.00,8974,3859,88685,10,26.53.00,
k-Nearest Neighbors kbest k:25,1573.22.00,1160.11.00,1116.15.00,1207.42.00,1601.47.00,6510,3210,89334,2474,58.13.00,
Neural Networks kbest k:25,1599.23.00,1345.22.00,1164.52.00,1592.05.00,1631.40.00,8582,3697,88847,402,37.01.00,
Naive Bayes kbest k:25,505.53.00,334.31.00,186.10.00,1647.00.00,1459.36.00,8878,70605,21939,106,0.28,
XGBoost kbest k:25,1600.46.00,1354.29.00,1166.06.00,1615.28.00,1631.36.00,8708,3738,88806,276,1.19,
Logistic Regression kbest k:30,1520.15.00,464.52.00,849.20.00,320.01.00,1529.49.00,1725,1660,90884,7259,1.1,
Decision Tree kbest k:30,1580.44.00,1194.18.00,1162.39.00,1227.44.00,1593.29.00,6618,2869,89675,2366,1.09,
Random Forest kbest k:30,1587.55.00,1256.59.00,1164.39.00,1365.12.00,1631.43.00,7359,3172,89372,1625,13.33,
Gradient Boosting Machines kbest k:30,1603.09.00,1371.06.00,1165.29.00,1664.49.00,1632.05.00,8974,3859,88685,10,29.36.00,
k-Nearest Neighbors kbest k:30,1572.34.00,1155.41.00,1112.22.00,1202.30.00,1600.03.00,6482,3230,89314,2502,59.02.00,
Neural Networks kbest k:30,1601.43.00,1360.49.00,1166.22.00,1633.05.00,1632.06.00,8803,3776,88768,181,47.25.00,
Naive Bayes kbest k:30,511.03.00,335.35.00,186.50.00,1646.16.00,1443.58.00,8874,70286,22258,110,0.3,
XGBoost kbest k:30,1600.39.00,1353.22.00,1166.29.00,1611.34.00,1631.46.00,8687,3725,88819,297,1.37,
Logistic Regression kbest k:35,1519.59.00,461.56.00,845.25.00,317.47.00,1529.52.00,1713,1664,90880,7271,1.19,
Decision Tree kbest k:35,1581.07.00,1196.43.00,1164.24.00,1230.54.00,1593.36.00,6635,2862,89682,2349,1.18,
Random Forest kbest k:35,1588.10.00,1258.25.00,1165.37.00,1367.15.00,1631.49.00,7370,3168,89376,1614,14.03,
Gradient Boosting Machines kbest k:35,1603.08.00,1371.04.00,1165.21.00,1665.00.00,1632.04.00,8975,3861,88683,9,31.26.00,
k-Nearest Neighbors kbest k:35,1573.14.00,1159.02.00,1116.02.00,1205.29.00,1600.55.00,6498,3206,89338,2486,63.31.00,
Neural Networks kbest k:35,1598.25.00,1338.03.00,1165.36.00,1570.23.00,1631.41.00,8465,3639,88905,519,51.9,
Naive Bayes kbest k:35,524.28.00,337.18.00,188.01.00,1637.32.00,1434.02.00,8827,69422,23122,157,0.37,
XGBoost kbest k:35,1600.55.00,1356.08.00,1164.58.00,1622.20.00,1631.42.00,8745,3766,88778,239,1.39,
Logistic Regression kbest k:40,1520.01.00,459.52.00,846.01.00,315.45.00,1529.51.00,1702,1651,90893,7282,1.56,
Decision Tree kbest k:40,1581.00.00,1195.42.00,1164.07.00,1229.02.00,1592.52.00,6625,2860,89684,2359,1.19,
Random Forest kbest k:40,1588.04.00,1257.26.00,1165.51.00,1364.39.00,1631.35.00,7356,3160,89384,1628,14.51,
Gradient Boosting Machines kbest k:40,1603.09.00,1371.06.00,1165.29.00,1664.49.00,1631.57.00,8974,3859,88685,10,31.55.00,
k-Nearest Neighbors kbest k:40,1572.33.00,1154.58.00,1112.57.00,1200.17.00,1600.21.00,6470,3219,89325,2514,64.06.00,
Neural Networks kbest k:40,1597.02.00,1327.23.00,1166.42.00,1539.24.00,1631.38.00,8298,3556,88988,686,70.36.00,
Naive Bayes kbest k:40,550.50.00,341.31.00,190.49.00,1624.56.00,1408.17.00,8759,67748,24796,225,0.36,
XGBoost kbest k:40,1601.15.00,1357.05.00,1167.26.00,1620.17.00,1631.43.00,8734,3735,88809,250,1.5,
Logistic Regression rfe k:5,1515.03.00,358.49.00,757.57.00,235.03.00,1505.04.00,1267,1519,91025,7717,0.43,"{'C': 1.0, 'class_weight': None, 'dual': False, 'fit_intercept': True, 'intercept_scaling': 1, 'l1_ratio': None, 'max_iter': 100, 'multi_class': 'deprecated', 'n_jobs': None, 'penalty': 'l2', 'random_state': 1, 'solver': 'lbfgs', 'tol': 0.0001, 'verbose': 0, 'warm_start': False}"
Decision Tree rfe k:5,1575.18.00,1162.17.00,1136.05.00,1189.42.00,1585.37.00,6413,2995,89549,2571,0.41,"{'ccp_alpha': 0.0, 'class_weight': None, 'criterion': 'gini', 'max_depth': None, 'max_features': None, 'max_leaf_nodes': None, 'min_impurity_decrease': 0.0, 'min_samples_leaf': 1, 'min_samples_split': 2, 'min_weight_fraction_leaf': 0.0, 'monotonic_cst': None, 'random_state': 1, 'splitter': 'best'}"
Random Forest rfe k:5,1580.03.00,1208.04.00,1136.34.00,1289.09.00,1621.50.00,6949,3241,89303,2035,11.35,"{'bootstrap': True, 'ccp_alpha': 0.0, 'class_weight': None, 'criterion': 'gini', 'max_depth': None, 'max_features': 'sqrt', 'max_leaf_nodes': None, 'max_samples': None, 'min_impurity_decrease': 0.0, 'min_samples_leaf': 1, 'min_samples_split': 2, 'min_weight_fraction_leaf': 0.0, 'monotonic_cst': None, 'n_estimators': 100, 'n_jobs': None, 'oob_score': False, 'random_state': 1, 'verbose': 0, 'warm_start': False}"
Gradient Boosting Machines rfe k:5,1525.26.00,593.50.00,905.48.00,441.43.00,1588.59.00,2381,2000,90544,6603,12.17,"{'ccp_alpha': 0.0, 'criterion': 'friedman_mse', 'init': None, 'learning_rate': 0.1, 'loss': 'log_loss', 'max_depth': 3, 'max_features': None, 'max_leaf_nodes': None, 'min_impurity_decrease': 0.0, 'min_samples_leaf': 1, 'min_samples_split': 2, 'min_weight_fraction_leaf': 0.0, 'n_estimators': 100, 'n_iter_no_change': None, 'random_state': 1, 'subsample': 1.0, 'tol': 0.0001, 'validation_fraction': 0.1, 'verbose': 0, 'warm_start': False}"
XGBoost rfe k:5,1539.54.00,928.58.00,957.37.00,901.58.00,1601.25.00,4862,3600,88944,4122,1.24,"{'objective': 'binary:logistic', 'base_score': None, 'booster': None, 'callbacks': None, 'colsample_bylevel': None, 'colsample_bynode': None, 'colsample_bytree': None, 'device': None, 'early_stopping_rounds': None, 'enable_categorical': False, 'eval_metric': None, 'feature_types': None, 'gamma': None, 'grow_policy': None, 'importance_type': None, 'interaction_constraints': None, 'learning_rate': None, 'max_bin': None, 'max_cat_threshold': None, 'max_cat_to_onehot': None, 'max_delta_step': None, 'max_depth': None, 'max_leaves': None, 'min_child_weight': None, 'missing': nan, 'monotone_constraints': None, 'multi_strategy': None, 'n_estimators': None, 'n_jobs': None, 'num_parallel_tree': None, 'random_state': 1, 'reg_alpha': None, 'reg_lambda': None, 'sampling_method': None, 'scale_pos_weight': None, 'subsample': None, 'tree_method': None, 'validate_parameters': None, 'verbosity': None}"
Logistic Regression rfe k:5,1517.27.00,401.51.00,803.50.00,267.53.00,1500.23.00,1444,1550,90994,7540,0.39,"{'C': 1.0, 'class_weight': None, 'dual': False, 'fit_intercept': True, 'intercept_scaling': 1, 'l1_ratio': None, 'max_iter': 100, 'multi_class': 'deprecated', 'n_jobs': None, 'penalty': 'l2', 'random_state': 1, 'solver': 'lbfgs', 'tol': 0.0001, 'verbose': 0, 'warm_start': False}"
Decision Tree rfe k:5,1581.00.00,1195.51.00,1163.55.00,1229.36.00,1593.30.00,6628,2863,89681,2356,0.45,"{'ccp_alpha': 0.0, 'class_weight': None, 'criterion': 'gini', 'max_depth': None, 'max_features': None, 'max_leaf_nodes': None, 'min_impurity_decrease': 0.0, 'min_samples_leaf': 1, 'min_samples_split': 2, 'min_weight_fraction_leaf': 0.0, 'monotonic_cst': None, 'random_state': 1, 'splitter': 'best'}"
Random Forest rfe k:5,1588.10.00,1258.30.00,1165.30.00,1367.37.00,1631.40.00,7372,3170,89374,1612,11.02,"{'bootstrap': True, 'ccp_alpha': 0.0, 'class_weight': None, 'criterion': 'gini', 'max_depth': None, 'max_features': 'sqrt', 'max_leaf_nodes': None, 'max_samples': None, 'min_impurity_decrease': 0.0, 'min_samples_leaf': 1, 'min_samples_split': 2, 'min_weight_fraction_leaf': 0.0, 'monotonic_cst': None, 'n_estimators': 100, 'n_jobs': None, 'oob_score': False, 'random_state': 1, 'verbose': 0, 'warm_start': False}"
Gradient Boosting Machines rfe k:5,1603.08.00,1371.02.00,1165.24.00,1664.49.00,1632.09.00,8974,3860,88684,10,17.41,"{'ccp_alpha': 0.0, 'criterion': 'friedman_mse', 'init': None, 'learning_rate': 0.1, 'loss': 'log_loss', 'max_depth': 3, 'max_features': None, 'max_leaf_nodes': None, 'min_impurity_decrease': 0.0, 'min_samples_leaf': 1, 'min_samples_split': 2, 'min_weight_fraction_leaf': 0.0, 'n_estimators': 100, 'n_iter_no_change': None, 'random_state': 1, 'subsample': 1.0, 'tol': 0.0001, 'validation_fraction': 0.1, 'verbose': 0, 'warm_start': False}"
XGBoost rfe k:5,1600.56.00,1356.38.00,1164.16.00,1625.07.00,1631.46.00,8760,3780,88764,224,1.22,"{'objective': 'binary:logistic', 'base_score': None, 'booster': None, 'callbacks': None, 'colsample_bylevel': None, 'colsample_bynode': None, 'colsample_bytree': None, 'device': None, 'early_stopping_rounds': None, 'enable_categorical': False, 'eval_metric': None, 'feature_types': None, 'gamma': None, 'grow_policy': None, 'importance_type': None, 'interaction_constraints': None, 'learning_rate': None, 'max_bin': None, 'max_cat_threshold': None, 'max_cat_to_onehot': None, 'max_delta_step': None, 'max_depth': None, 'max_leaves': None, 'min_child_weight': None, 'missing': nan, 'monotone_constraints': None, 'multi_strategy': None, 'n_estimators': None, 'n_jobs': None, 'num_parallel_tree': None, 'random_state': 1, 'reg_alpha': None, 'reg_lambda': None, 'sampling_method': None, 'scale_pos_weight': None, 'subsample': None, 'tree_method': None, 'validate_parameters': None, 'verbosity': None}"
Logistic Regression rfe k:5,1519.12.00,462.17.00,833.35.00,319.50.00,1529.20.00,1724,1723,90821,7260,0.46,"{'C': 1.0, 'class_weight': None, 'dual': False, 'fit_intercept': True, 'intercept_scaling': 1, 'l1_ratio': None, 'max_iter': 100, 'multi_class': 'deprecated', 'n_jobs': None, 'penalty': 'l2', 'random_state': 1, 'solver': 'lbfgs', 'tol': 0.0001, 'verbose': 0, 'warm_start': False}"
Decision Tree rfe k:5,1581.08.00,1196.47.00,1164.32.00,1230.54.00,1593.21.00,6635,2861,89683,2349,0.43,"{'ccp_alpha': 0.0, 'class_weight': None, 'criterion': 'gini', 'max_depth': None, 'max_features': None, 'max_leaf_nodes': None, 'min_impurity_decrease': 0.0, 'min_samples_leaf': 1, 'min_samples_split': 2, 'min_weight_fraction_leaf': 0.0, 'monotonic_cst': None, 'random_state': 1, 'splitter': 'best'}"
Random Forest rfe k:5,1588.15.00,1259.34.00,1164.55.00,1370.57.00,1631.33.00,7390,3183,89361,1594,11.24,"{'bootstrap': True, 'ccp_alpha': 0.0, 'class_weight': None, 'criterion': 'gini', 'max_depth': None, 'max_features': 'sqrt', 'max_leaf_nodes': None, 'max_samples': None, 'min_impurity_decrease': 0.0, 'min_samples_leaf': 1, 'min_samples_split': 2, 'min_weight_fraction_leaf': 0.0, 'monotonic_cst': None, 'n_estimators': 100, 'n_jobs': None, 'oob_score': False, 'random_state': 1, 'verbose': 0, 'warm_start': False}"
Gradient Boosting Machines rfe k:5,1603.08.00,1371.02.00,1165.24.00,1664.49.00,1631.52.00,8974,3860,88684,10,16.7,"{'ccp_alpha': 0.0, 'criterion': 'friedman_mse', 'init': None, 'learning_rate': 0.1, 'loss': 'log_loss', 'max_depth': 3, 'max_features': None, 'max_leaf_nodes': None, 'min_impurity_decrease': 0.0, 'min_samples_leaf': 1, 'min_samples_split': 2, 'min_weight_fraction_leaf': 0.0, 'n_estimators': 100, 'n_iter_no_change': None, 'random_state': 1, 'subsample': 1.0, 'tol': 0.0001, 'validation_fraction': 0.1, 'verbose': 0, 'warm_start': False}"
XGBoost rfe k:5,1601.56.00,1362.28.00,1166.14.00,1638.06.00,1631.43.00,8830,3789,88755,154,0.9,"{'objective': 'binary:logistic', 'base_score': None, 'booster': None, 'callbacks': None, 'colsample_bylevel': None, 'colsample_bynode': None, 'colsample_bytree': None, 'device': None, 'early_stopping_rounds': None, 'enable_categorical': False, 'eval_metric': None, 'feature_types': None, 'gamma': None, 'grow_policy': None, 'importance_type': None, 'interaction_constraints': None, 'learning_rate': None, 'max_bin': None, 'max_cat_threshold': None, 'max_cat_to_onehot': None, 'max_delta_step': None, 'max_depth': None, 'max_leaves': None, 'min_child_weight': None, 'missing': nan, 'monotone_constraints': None, 'multi_strategy': None, 'n_estimators': None, 'n_jobs': None, 'num_parallel_tree': None, 'random_state': 1, 'reg_alpha': None, 'reg_lambda': None, 'sampling_method': None, 'scale_pos_weight': None, 'subsample': None, 'tree_method': None, 'validate_parameters': None, 'verbosity': None}"
Logistic Regression rfe k:5,1517.22.00,400.25.00,802.22.00,266.46.00,1499.25.00,1438,1549,90995,7546,0.36,"{'C': 1.0, 'class_weight': None, 'dual': False, 'fit_intercept': True, 'intercept_scaling': 1, 'l1_ratio': None, 'max_iter': 100, 'multi_class': 'deprecated', 'n_jobs': None, 'penalty': 'l2', 'random_state': 1, 'solver': 'lbfgs', 'tol': 0.0001, 'verbose': 0, 'warm_start': False}"
Decision Tree rfe k:5,1580.49.00,1194.04.00,1164.01.00,1225.42.00,1593.15.00,6607,2853,89691,2377,0.43,"{'ccp_alpha': 0.0, 'class_weight': None, 'criterion': 'gini', 'max_depth': None, 'max_features': None, 'max_leaf_nodes': None, 'min_impurity_decrease': 0.0, 'min_samples_leaf': 1, 'min_samples_split': 2, 'min_weight_fraction_leaf': 0.0, 'monotonic_cst': None, 'random_state': 1, 'splitter': 'best'}"
Random Forest rfe k:5,1588.10.00,1258.37.00,1165.18.00,1368.10.00,1631.44.00,7375,3173,89371,1609,10.57,"{'bootstrap': True, 'ccp_alpha': 0.0, 'class_weight': None, 'criterion': 'gini', 'max_depth': None, 'max_features': 'sqrt', 'max_leaf_nodes': None, 'max_samples': None, 'min_impurity_decrease': 0.0, 'min_samples_leaf': 1, 'min_samples_split': 2, 'min_weight_fraction_leaf': 0.0, 'monotonic_cst': None, 'n_estimators': 100, 'n_jobs': None, 'oob_score': False, 'random_state': 1, 'verbose': 0, 'warm_start': False}"
Gradient Boosting Machines rfe k:5,1603.08.00,1371.02.00,1165.24.00,1664.49.00,1631.51.00,8974,3860,88684,10,16.08,"{'ccp_alpha': 0.0, 'criterion': 'friedman_mse', 'init': None, 'learning_rate': 0.1, 'loss': 'log_loss', 'max_depth': 3, 'max_features': None, 'max_leaf_nodes': None, 'min_impurity_decrease': 0.0, 'min_samples_leaf': 1, 'min_samples_split': 2, 'min_weight_fraction_leaf': 0.0, 'n_estimators': 100, 'n_iter_no_change': None, 'random_state': 1, 'subsample': 1.0, 'tol': 0.0001, 'validation_fraction': 0.1, 'verbose': 0, 'warm_start': False}"
XGBoost rfe k:5,1601.10.00,1358.01.00,1164.37.00,1628.27.00,1631.38.00,8778,3784,88760,206,1.24,"{'objective': 'binary:logistic', 'base_score': None, 'booster': None, 'callbacks': None, 'colsample_bylevel': None, 'colsample_bynode': None, 'colsample_bytree': None, 'device': None, 'early_stopping_rounds': None, 'enable_categorical': False, 'eval_metric': None, 'feature_types': None, 'gamma': None, 'grow_policy': None, 'importance_type': None, 'interaction_constraints': None, 'learning_rate': None, 'max_bin': None, 'max_cat_threshold': None, 'max_cat_to_onehot': None, 'max_delta_step': None, 'max_depth': None, 'max_leaves': None, 'min_child_weight': None, 'missing': nan, 'monotone_constraints': None, 'multi_strategy': None, 'n_estimators': None, 'n_jobs': None, 'num_parallel_tree': None, 'random_state': 1, 'reg_alpha': None, 'reg_lambda': None, 'sampling_method': None, 'scale_pos_weight': None, 'subsample': None, 'tree_method': None, 'validate_parameters': None, 'verbosity': None}"
Logistic Regression rfe k:5,1517.02.00,400.23.00,797.06.00,267.20.00,1498.04.00,1441,1572,90972,7543,0.41,"{'C': 1.0, 'class_weight': None, 'dual': False, 'fit_intercept': True, 'intercept_scaling': 1, 'l1_ratio': None, 'max_iter': 100, 'multi_class': 'deprecated', 'n_jobs': None, 'penalty': 'l2', 'random_state': 1, 'solver': 'lbfgs', 'tol': 0.0001, 'verbose': 0, 'warm_start': False}"
Decision Tree rfe k:5,1581.00.00,1195.39.00,1164.11.00,1228.51.00,1593.26.00,6624,2859,89685,2360,0.43,"{'ccp_alpha': 0.0, 'class_weight': None, 'criterion': 'gini', 'max_depth': None, 'max_features': None, 'max_leaf_nodes': None, 'min_impurity_decrease': 0.0, 'min_samples_leaf': 1, 'min_samples_split': 2, 'min_weight_fraction_leaf': 0.0, 'monotonic_cst': None, 'random_state': 1, 'splitter': 'best'}"
Random Forest rfe k:5,1588.13.00,1259.01.00,1165.19.00,1369.06.00,1631.46.00,7380,3175,89369,1604,10.49,"{'bootstrap': True, 'ccp_alpha': 0.0, 'class_weight': None, 'criterion': 'gini', 'max_depth': None, 'max_features': 'sqrt', 'max_leaf_nodes': None, 'max_samples': None, 'min_impurity_decrease': 0.0, 'min_samples_leaf': 1, 'min_samples_split': 2, 'min_weight_fraction_leaf': 0.0, 'monotonic_cst': None, 'n_estimators': 100, 'n_jobs': None, 'oob_score': False, 'random_state': 1, 'verbose': 0, 'warm_start': False}"
Gradient Boosting Machines rfe k:5,1603.08.00,1371.02.00,1165.24.00,1664.49.00,1631.54.00,8974,3860,88684,10,16.34,"{'ccp_alpha': 0.0, 'criterion': 'friedman_mse', 'init': None, 'learning_rate': 0.1, 'loss': 'log_loss', 'max_depth': 3, 'max_features': None, 'max_leaf_nodes': None, 'min_impurity_decrease': 0.0, 'min_samples_leaf': 1, 'min_samples_split': 2, 'min_weight_fraction_leaf': 0.0, 'n_estimators': 100, 'n_iter_no_change': None, 'random_state': 1, 'subsample': 1.0, 'tol': 0.0001, 'validation_fraction': 0.1, 'verbose': 0, 'warm_start': False}"
XGBoost rfe k:5,1601.31.00,1359.52.00,1165.37.00,1631.47.00,1631.41.00,8796,3781,88763,188,1.22,"{'objective': 'binary:logistic', 'base_score': None, 'booster': None, 'callbacks': None, 'colsample_bylevel': None, 'colsample_bynode': None, 'colsample_bytree': None, 'device': None, 'early_stopping_rounds': None, 'enable_categorical': False, 'eval_metric': None, 'feature_types': None, 'gamma': None, 'grow_policy': None, 'importance_type': None, 'interaction_constraints': None, 'learning_rate': None, 'max_bin': None, 'max_cat_threshold': None, 'max_cat_to_onehot': None, 'max_delta_step': None, 'max_depth': None, 'max_leaves': None, 'min_child_weight': None, 'missing': nan, 'monotone_constraints': None, 'multi_strategy': None, 'n_estimators': None, 'n_jobs': None, 'num_parallel_tree': None, 'random_state': 1, 'reg_alpha': None, 'reg_lambda': None, 'sampling_method': None, 'scale_pos_weight': None, 'subsample': None, 'tree_method': None, 'validate_parameters': None, 'verbosity': None}"
Logistic Regression rfe k:10,1519.21.00,462.02.00,835.46.00,319.16.00,1529.45.00,1721,1711,90833,7263,0.47,"{'C': 1.0, 'class_weight': None, 'dual': False, 'fit_intercept': True, 'intercept_scaling': 1, 'l1_ratio': None, 'max_iter': 100, 'multi_class': 'deprecated', 'n_jobs': None, 'penalty': 'l2', 'random_state': 1, 'solver': 'lbfgs', 'tol': 0.0001, 'verbose': 0, 'warm_start': False}"
Decision Tree rfe k:10,1580.58.00,1195.28.00,1164.01.00,1228.40.00,1592.02.00,6623,2860,89684,2361,0.45,"{'ccp_alpha': 0.0, 'class_weight': None, 'criterion': 'gini', 'max_depth': None, 'max_features': None, 'max_leaf_nodes': None, 'min_impurity_decrease': 0.0, 'min_samples_leaf': 1, 'min_samples_split': 2, 'min_weight_fraction_leaf': 0.0, 'monotonic_cst': None, 'random_state': 1, 'splitter': 'best'}"
Random Forest rfe k:10,1588.14.00,1259.20.00,1165.03.00,1370.13.00,1631.24.00,7386,3180,89364,1598,11.11,"{'bootstrap': True, 'ccp_alpha': 0.0, 'class_weight': None, 'criterion': 'gini', 'max_depth': None, 'max_features': 'sqrt', 'max_leaf_nodes': None, 'max_samples': None, 'min_impurity_decrease': 0.0, 'min_samples_leaf': 1, 'min_samples_split': 2, 'min_weight_fraction_leaf': 0.0, 'monotonic_cst': None, 'n_estimators': 100, 'n_jobs': None, 'oob_score': False, 'random_state': 1, 'verbose': 0, 'warm_start': False}"
Gradient Boosting Machines rfe k:10,1603.08.00,1371.02.00,1165.24.00,1664.49.00,1631.57.00,8974,3860,88684,10,17.19,"{'ccp_alpha': 0.0, 'criterion': 'friedman_mse', 'init': None, 'learning_rate': 0.1, 'loss': 'log_loss', 'max_depth': 3, 'max_features': None, 'max_leaf_nodes': None, 'min_impurity_decrease': 0.0, 'min_samples_leaf': 1, 'min_samples_split': 2, 'min_weight_fraction_leaf': 0.0, 'n_estimators': 100, 'n_iter_no_change': None, 'random_state': 1, 'subsample': 1.0, 'tol': 0.0001, 'validation_fraction': 0.1, 'verbose': 0, 'warm_start': False}"
XGBoost rfe k:10,1601.42.00,1360.54.00,1166.00.00,1634.01.00,1631.54.00,8808,3782,88762,176,1.33,"{'objective': 'binary:logistic', 'base_score': None, 'booster': None, 'callbacks': None, 'colsample_bylevel': None, 'colsample_bynode': None, 'colsample_bytree': None, 'device': None, 'early_stopping_rounds': None, 'enable_categorical': False, 'eval_metric': None, 'feature_types': None, 'gamma': None, 'grow_policy': None, 'importance_type': None, 'interaction_constraints': None, 'learning_rate': None, 'max_bin': None, 'max_cat_threshold': None, 'max_cat_to_onehot': None, 'max_delta_step': None, 'max_depth': None, 'max_leaves': None, 'min_child_weight': None, 'missing': nan, 'monotone_constraints': None, 'multi_strategy': None, 'n_estimators': None, 'n_jobs': None, 'num_parallel_tree': None, 'random_state': 1, 'reg_alpha': None, 'reg_lambda': None, 'sampling_method': None, 'scale_pos_weight': None, 'subsample': None, 'tree_method': None, 'validate_parameters': None, 'verbosity': None}"
Logistic Regression rfe k:10,1517.07.00,409.34.00,799.24.00,275.18.00,1501.28.00,1484,1610,90934,7500,0.4,"{'C': 1.0, 'class_weight': None, 'dual': False, 'fit_intercept': True, 'intercept_scaling': 1, 'l1_ratio': None, 'max_iter': 100, 'multi_class': 'deprecated', 'n_jobs': None, 'penalty': 'l2', 'random_state': 1, 'solver': 'lbfgs', 'tol': 0.0001, 'verbose': 0, 'warm_start': False}"
Decision Tree rfe k:10,1580.36.00,1192.49.00,1162.59.00,1224.13.00,1592.24.00,6599,2858,89686,2385,0.48,"{'ccp_alpha': 0.0, 'class_weight': None, 'criterion': 'gini', 'max_depth': None, 'max_features': None, 'max_leaf_nodes': None, 'min_impurity_decrease': 0.0, 'min_samples_leaf': 1, 'min_samples_split': 2, 'min_weight_fraction_leaf': 0.0, 'monotonic_cst': None, 'random_state': 1, 'splitter': 'best'}"
Random Forest rfe k:10,1588.16.00,1259.35.00,1165.05.00,1370.46.00,1631.52.00,7389,3181,89363,1595,10.47,"{'bootstrap': True, 'ccp_alpha': 0.0, 'class_weight': None, 'criterion': 'gini', 'max_depth': None, 'max_features': 'sqrt', 'max_leaf_nodes': None, 'max_samples': None, 'min_impurity_decrease': 0.0, 'min_samples_leaf': 1, 'min_samples_split': 2, 'min_weight_fraction_leaf': 0.0, 'monotonic_cst': None, 'n_estimators': 100, 'n_jobs': None, 'oob_score': False, 'random_state': 1, 'verbose': 0, 'warm_start': False}"
Gradient Boosting Machines rfe k:10,1603.09.00,1371.06.00,1165.29.00,1664.49.00,1632.09.00,8974,3859,88685,10,19.24,"{'ccp_alpha': 0.0, 'criterion': 'friedman_mse', 'init': None, 'learning_rate': 0.1, 'loss': 'log_loss', 'max_depth': 3, 'max_features': None, 'max_leaf_nodes': None, 'min_impurity_decrease': 0.0, 'min_samples_leaf': 1, 'min_samples_split': 2, 'min_weight_fraction_leaf': 0.0, 'n_estimators': 100, 'n_iter_no_change': None, 'random_state': 1, 'subsample': 1.0, 'tol': 0.0001, 'validation_fraction': 0.1, 'verbose': 0, 'warm_start': False}"
XGBoost rfe k:10,1600.59.00,1356.21.00,1165.24.00,1622.09.00,1631.48.00,8744,3761,88783,240,1.29,"{'objective': 'binary:logistic', 'base_score': None, 'booster': None, 'callbacks': None, 'colsample_bylevel': None, 'colsample_bynode': None, 'colsample_bytree': None, 'device': None, 'early_stopping_rounds': None, 'enable_categorical': False, 'eval_metric': None, 'feature_types': None, 'gamma': None, 'grow_policy': None, 'importance_type': None, 'interaction_constraints': None, 'learning_rate': None, 'max_bin': None, 'max_cat_threshold': None, 'max_cat_to_onehot': None, 'max_delta_step': None, 'max_depth': None, 'max_leaves': None, 'min_child_weight': None, 'missing': nan, 'monotone_constraints': None, 'multi_strategy': None, 'n_estimators': None, 'n_jobs': None, 'num_parallel_tree': None, 'random_state': 1, 'reg_alpha': None, 'reg_lambda': None, 'sampling_method': None, 'scale_pos_weight': None, 'subsample': None, 'tree_method': None, 'validate_parameters': None, 'verbosity': None}"
Logistic Regression rfe k:10,1519.15.00,454.24.00,834.19.00,312.13.00,1529.34.00,1683,1679,90865,7301,0.54,"{'C': 1.0, 'class_weight': None, 'dual': False, 'fit_intercept': True, 'intercept_scaling': 1, 'l1_ratio': None, 'max_iter': 100, 'multi_class': 'deprecated', 'n_jobs': None, 'penalty': 'l2', 'random_state': 1, 'solver': 'lbfgs', 'tol': 0.0001, 'verbose': 0, 'warm_start': False}"
Decision Tree rfe k:10,1580.46.00,1194.08.00,1163.18.00,1226.38.00,1592.26.00,6612,2861,89683,2372,0.48,"{'ccp_alpha': 0.0, 'class_weight': None, 'criterion': 'gini', 'max_depth': None, 'max_features': None, 'max_leaf_nodes': None, 'min_impurity_decrease': 0.0, 'min_samples_leaf': 1, 'min_samples_split': 2, 'min_weight_fraction_leaf': 0.0, 'monotonic_cst': None, 'random_state': 1, 'splitter': 'best'}"
Random Forest rfe k:10,1588.22.00,1260.23.00,1165.07.00,1372.38.00,1631.50.00,7399,3185,89359,1585,10.17,"{'bootstrap': True, 'ccp_alpha': 0.0, 'class_weight': None, 'criterion': 'gini', 'max_depth': None, 'max_features': 'sqrt', 'max_leaf_nodes': None, 'max_samples': None, 'min_impurity_decrease': 0.0, 'min_samples_leaf': 1, 'min_samples_split': 2, 'min_weight_fraction_leaf': 0.0, 'monotonic_cst': None, 'n_estimators': 100, 'n_jobs': None, 'oob_score': False, 'random_state': 1, 'verbose': 0, 'warm_start': False}"
Gradient Boosting Machines rfe k:10,1603.07.00,1370.57.00,1165.21.00,1664.38.00,1632.01.00,8973,3860,88684,11,19.19,"{'ccp_alpha': 0.0, 'criterion': 'friedman_mse', 'init': None, 'learning_rate': 0.1, 'loss': 'log_loss', 'max_depth': 3, 'max_features': None, 'max_leaf_nodes': None, 'min_impurity_decrease': 0.0, 'min_samples_leaf': 1, 'min_samples_split': 2, 'min_weight_fraction_leaf': 0.0, 'n_estimators': 100, 'n_iter_no_change': None, 'random_state': 1, 'subsample': 1.0, 'tol': 0.0001, 'validation_fraction': 0.1, 'verbose': 0, 'warm_start': False}"
XGBoost rfe k:10,1600.44.00,1355.07.00,1164.32.00,1620.17.00,1631.24.00,8734,3766,88778,250,1.29,"{'objective': 'binary:logistic', 'base_score': None, 'booster': None, 'callbacks': None, 'colsample_bylevel': None, 'colsample_bynode': None, 'colsample_bytree': None, 'device': None, 'early_stopping_rounds': None, 'enable_categorical': False, 'eval_metric': None, 'feature_types': None, 'gamma': None, 'grow_policy': None, 'importance_type': None, 'interaction_constraints': None, 'learning_rate': None, 'max_bin': None, 'max_cat_threshold': None, 'max_cat_to_onehot': None, 'max_delta_step': None, 'max_depth': None, 'max_leaves': None, 'min_child_weight': None, 'missing': nan, 'monotone_constraints': None, 'multi_strategy': None, 'n_estimators': None, 'n_jobs': None, 'num_parallel_tree': None, 'random_state': 1, 'reg_alpha': None, 'reg_lambda': None, 'sampling_method': None, 'scale_pos_weight': None, 'subsample': None, 'tree_method': None, 'validate_parameters': None, 'verbosity': None}"
Logistic Regression rfe k:10,1517.40.00,401.14.00,807.15.00,266.57.00,1499.36.00,1439,1532,91012,7545,0.53,"{'C': 1.0, 'class_weight': None, 'dual': False, 'fit_intercept': True, 'intercept_scaling': 1, 'l1_ratio': None, 'max_iter': 100, 'multi_class': 'deprecated', 'n_jobs': None, 'penalty': 'l2', 'random_state': 1, 'solver': 'lbfgs', 'tol': 0.0001, 'verbose': 0, 'warm_start': False}"
Decision Tree rfe k:10,1580.52.00,1194.34.00,1163.58.00,1226.49.00,1592.39.00,6613,2856,89688,2371,0.49,"{'ccp_alpha': 0.0, 'class_weight': None, 'criterion': 'gini', 'max_depth': None, 'max_features': None, 'max_leaf_nodes': None, 'min_impurity_decrease': 0.0, 'min_samples_leaf': 1, 'min_samples_split': 2, 'min_weight_fraction_leaf': 0.0, 'monotonic_cst': None, 'random_state': 1, 'splitter': 'best'}"
Random Forest rfe k:10,1588.21.00,1260.05.00,1165.23.00,1371.31.00,1631.47.00,7393,3180,89364,1591,11.39,"{'bootstrap': True, 'ccp_alpha': 0.0, 'class_weight': None, 'criterion': 'gini', 'max_depth': None, 'max_features': 'sqrt', 'max_leaf_nodes': None, 'max_samples': None, 'min_impurity_decrease': 0.0, 'min_samples_leaf': 1, 'min_samples_split': 2, 'min_weight_fraction_leaf': 0.0, 'monotonic_cst': None, 'n_estimators': 100, 'n_jobs': None, 'oob_score': False, 'random_state': 1, 'verbose': 0, 'warm_start': False}"
Gradient Boosting Machines rfe k:10,1603.10.00,1371.08.00,1165.38.00,1664.38.00,1631.53.00,8973,3857,88687,11,19.28,"{'ccp_alpha': 0.0, 'criterion': 'friedman_mse', 'init': None, 'learning_rate': 0.1, 'loss': 'log_loss', 'max_depth': 3, 'max_features': None, 'max_leaf_nodes': None, 'min_impurity_decrease': 0.0, 'min_samples_leaf': 1, 'min_samples_split': 2, 'min_weight_fraction_leaf': 0.0, 'n_estimators': 100, 'n_iter_no_change': None, 'random_state': 1, 'subsample': 1.0, 'tol': 0.0001, 'validation_fraction': 0.1, 'verbose': 0, 'warm_start': False}"
XGBoost rfe k:10,1600.36.00,1354.19.00,1164.07.00,1618.48.00,1631.44.00,8726,3767,88777,258,1.34,"{'objective': 'binary:logistic', 'base_score': None, 'booster': None, 'callbacks': None, 'colsample_bylevel': None, 'colsample_bynode': None, 'colsample_bytree': None, 'device': None, 'early_stopping_rounds': None, 'enable_categorical': False, 'eval_metric': None, 'feature_types': None, 'gamma': None, 'grow_policy': None, 'importance_type': None, 'interaction_constraints': None, 'learning_rate': None, 'max_bin': None, 'max_cat_threshold': None, 'max_cat_to_onehot': None, 'max_delta_step': None, 'max_depth': None, 'max_leaves': None, 'min_child_weight': None, 'missing': nan, 'monotone_constraints': None, 'multi_strategy': None, 'n_estimators': None, 'n_jobs': None, 'num_parallel_tree': None, 'random_state': 1, 'reg_alpha': None, 'reg_lambda': None, 'sampling_method': None, 'scale_pos_weight': None, 'subsample': None, 'tree_method': None, 'validate_parameters': None, 'verbosity': None}"
Logistic Regression rfe k:10,1517.53.00,409.29.00,811.37.00,273.49.00,1498.17.00,1476,1555,90989,7508,0.56,"{'C': 1.0, 'class_weight': None, 'dual': False, 'fit_intercept': True, 'intercept_scaling': 1, 'l1_ratio': None, 'max_iter': 100, 'multi_class': 'deprecated', 'n_jobs': None, 'penalty': 'l2', 'random_state': 1, 'solver': 'lbfgs', 'tol': 0.0001, 'verbose': 0, 'warm_start': False}"
Decision Tree rfe k:10,1580.51.00,1195.10.00,1162.57.00,1229.13.00,1593.59.00,6626,2870,89674,2358,0.49,"{'ccp_alpha': 0.0, 'class_weight': None, 'criterion': 'gini', 'max_depth': None, 'max_features': None, 'max_leaf_nodes': None, 'min_impurity_decrease': 0.0, 'min_samples_leaf': 1, 'min_samples_split': 2, 'min_weight_fraction_leaf': 0.0, 'monotonic_cst': None, 'random_state': 1, 'splitter': 'best'}"
Random Forest rfe k:10,1588.31.00,1261.06.00,1165.56.00,1373.11.00,1631.52.00,7402,3179,89365,1582,11.58,"{'bootstrap': True, 'ccp_alpha': 0.0, 'class_weight': None, 'criterion': 'gini', 'max_depth': None, 'max_features': 'sqrt', 'max_leaf_nodes': None, 'max_samples': None, 'min_impurity_decrease': 0.0, 'min_samples_leaf': 1, 'min_samples_split': 2, 'min_weight_fraction_leaf': 0.0, 'monotonic_cst': None, 'n_estimators': 100, 'n_jobs': None, 'oob_score': False, 'random_state': 1, 'verbose': 0, 'warm_start': False}"
Gradient Boosting Machines rfe k:10,1603.08.00,1371.02.00,1165.24.00,1664.49.00,1631.44.00,8974,3860,88684,10,19.09,"{'ccp_alpha': 0.0, 'criterion': 'friedman_mse', 'init': None, 'learning_rate': 0.1, 'loss': 'log_loss', 'max_depth': 3, 'max_features': None, 'max_leaf_nodes': None, 'min_impurity_decrease': 0.0, 'min_samples_leaf': 1, 'min_samples_split': 2, 'min_weight_fraction_leaf': 0.0, 'n_estimators': 100, 'n_iter_no_change': None, 'random_state': 1, 'subsample': 1.0, 'tol': 0.0001, 'validation_fraction': 0.1, 'verbose': 0, 'warm_start': False}"
XGBoost rfe k:10,1601.21.00,1358.29.00,1166.04.00,1626.58.00,1631.50.00,8770,3765,88779,214,1.34,"{'objective': 'binary:logistic', 'base_score': None, 'booster': None, 'callbacks': None, 'colsample_bylevel': None, 'colsample_bynode': None, 'colsample_bytree': None, 'device': None, 'early_stopping_rounds': None, 'enable_categorical': False, 'eval_metric': None, 'feature_types': None, 'gamma': None, 'grow_policy': None, 'importance_type': None, 'interaction_constraints': None, 'learning_rate': None, 'max_bin': None, 'max_cat_threshold': None, 'max_cat_to_onehot': None, 'max_delta_step': None, 'max_depth': None, 'max_leaves': None, 'min_child_weight': None, 'missing': nan, 'monotone_constraints': None, 'multi_strategy': None, 'n_estimators': None, 'n_jobs': None, 'num_parallel_tree': None, 'random_state': 1, 'reg_alpha': None, 'reg_lambda': None, 'sampling_method': None, 'scale_pos_weight': None, 'subsample': None, 'tree_method': None, 'validate_parameters': None, 'verbosity': None}"
Logistic Regression rfe k:15,1519.45.00,461.58.00,841.40.00,318.21.00,1530.14.00,1716,1682,90862,7268,0.57,"{'C': 1.0, 'class_weight': None, 'dual': False, 'fit_intercept': True, 'intercept_scaling': 1, 'l1_ratio': None, 'max_iter': 100, 'multi_class': 'deprecated', 'n_jobs': None, 'penalty': 'l2', 'random_state': 1, 'solver': 'lbfgs', 'tol': 0.0001, 'verbose': 0, 'warm_start': False}"
Decision Tree rfe k:15,1581.08.00,1196.38.00,1164.44.00,1230.20.00,1593.13.00,6632,2858,89686,2352,0.52,"{'ccp_alpha': 0.0, 'class_weight': None, 'criterion': 'gini', 'max_depth': None, 'max_features': None, 'max_leaf_nodes': None, 'min_impurity_decrease': 0.0, 'min_samples_leaf': 1, 'min_samples_split': 2, 'min_weight_fraction_leaf': 0.0, 'monotonic_cst': None, 'random_state': 1, 'splitter': 'best'}"
Random Forest rfe k:15,1588.01.00,1257.30.00,1165.08.00,1365.46.00,1631.37.00,7362,3169,89375,1622,12.25,"{'bootstrap': True, 'ccp_alpha': 0.0, 'class_weight': None, 'criterion': 'gini', 'max_depth': None, 'max_features': 'sqrt', 'max_leaf_nodes': None, 'max_samples': None, 'min_impurity_decrease': 0.0, 'min_samples_leaf': 1, 'min_samples_split': 2, 'min_weight_fraction_leaf': 0.0, 'monotonic_cst': None, 'n_estimators': 100, 'n_jobs': None, 'oob_score': False, 'random_state': 1, 'verbose': 0, 'warm_start': False}"
Gradient Boosting Machines rfe k:15,1603.07.00,1371.00.00,1165.15.00,1665.00.00,1631.50.00,8975,3862,88682,9,20.48,"{'ccp_alpha': 0.0, 'criterion': 'friedman_mse', 'init': None, 'learning_rate': 0.1, 'loss': 'log_loss', 'max_depth': 3, 'max_features': None, 'max_leaf_nodes': None, 'min_impurity_decrease': 0.0, 'min_samples_leaf': 1, 'min_samples_split': 2, 'min_weight_fraction_leaf': 0.0, 'n_estimators': 100, 'n_iter_no_change': None, 'random_state': 1, 'subsample': 1.0, 'tol': 0.0001, 'validation_fraction': 0.1, 'verbose': 0, 'warm_start': False}"
XGBoost rfe k:15,1601.26.00,1359.17.00,1165.38.00,1630.07.00,1631.45.00,8787,3777,88767,197,1.11,"{'objective': 'binary:logistic', 'base_score': None, 'booster': None, 'callbacks': None, 'colsample_bylevel': None, 'colsample_bynode': None, 'colsample_bytree': None, 'device': None, 'early_stopping_rounds': None, 'enable_categorical': False, 'eval_metric': None, 'feature_types': None, 'gamma': None, 'grow_policy': None, 'importance_type': None, 'interaction_constraints': None, 'learning_rate': None, 'max_bin': None, 'max_cat_threshold': None, 'max_cat_to_onehot': None, 'max_delta_step': None, 'max_depth': None, 'max_leaves': None, 'min_child_weight': None, 'missing': nan, 'monotone_constraints': None, 'multi_strategy': None, 'n_estimators': None, 'n_jobs': None, 'num_parallel_tree': None, 'random_state': 1, 'reg_alpha': None, 'reg_lambda': None, 'sampling_method': None, 'scale_pos_weight': None, 'subsample': None, 'tree_method': None, 'validate_parameters': None, 'verbosity': None}"
Logistic Regression rfe k:15,1517.12.00,409.56.00,800.43.00,275.29.00,1501.41.00,1485,1606,90938,7499,0.58,"{'C': 1.0, 'class_weight': None, 'dual': False, 'fit_intercept': True, 'intercept_scaling': 1, 'l1_ratio': None, 'max_iter': 100, 'multi_class': 'deprecated', 'n_jobs': None, 'penalty': 'l2', 'random_state': 1, 'solver': 'lbfgs', 'tol': 0.0001, 'verbose': 0, 'warm_start': False}"
Decision Tree rfe k:15,1580.48.00,1194.06.00,1163.46.00,1226.04.00,1593.44.00,6609,2856,89688,2375,0.56,"{'ccp_alpha': 0.0, 'class_weight': None, 'criterion': 'gini', 'max_depth': None, 'max_features': None, 'max_leaf_nodes': None, 'min_impurity_decrease': 0.0, 'min_samples_leaf': 1, 'min_samples_split': 2, 'min_weight_fraction_leaf': 0.0, 'monotonic_cst': None, 'random_state': 1, 'splitter': 'best'}"
Random Forest rfe k:15,1588.23.00,1260.07.00,1165.44.00,1371.08.00,1631.50.00,7391,3176,89368,1593,11.18,"{'bootstrap': True, 'ccp_alpha': 0.0, 'class_weight': None, 'criterion': 'gini', 'max_depth': None, 'max_features': 'sqrt', 'max_leaf_nodes': None, 'max_samples': None, 'min_impurity_decrease': 0.0, 'min_samples_leaf': 1, 'min_samples_split': 2, 'min_weight_fraction_leaf': 0.0, 'monotonic_cst': None, 'n_estimators': 100, 'n_jobs': None, 'oob_score': False, 'random_state': 1, 'verbose': 0, 'warm_start': False}"
Gradient Boosting Machines rfe k:15,1603.09.00,1371.06.00,1165.29.00,1664.49.00,1632.09.00,8974,3859,88685,10,22.33,"{'ccp_alpha': 0.0, 'criterion': 'friedman_mse', 'init': None, 'learning_rate': 0.1, 'loss': 'log_loss', 'max_depth': 3, 'max_features': None, 'max_leaf_nodes': None, 'min_impurity_decrease': 0.0, 'min_samples_leaf': 1, 'min_samples_split': 2, 'min_weight_fraction_leaf': 0.0, 'n_estimators': 100, 'n_iter_no_change': None, 'random_state': 1, 'subsample': 1.0, 'tol': 0.0001, 'validation_fraction': 0.1, 'verbose': 0, 'warm_start': False}"
XGBoost rfe k:15,1600.44.00,1354.27.00,1165.45.00,1616.01.00,1631.44.00,8711,3743,88801,273,1.39,"{'objective': 'binary:logistic', 'base_score': None, 'booster': None, 'callbacks': None, 'colsample_bylevel': None, 'colsample_bynode': None, 'colsample_bytree': None, 'device': None, 'early_stopping_rounds': None, 'enable_categorical': False, 'eval_metric': None, 'feature_types': None, 'gamma': None, 'grow_policy': None, 'importance_type': None, 'interaction_constraints': None, 'learning_rate': None, 'max_bin': None, 'max_cat_threshold': None, 'max_cat_to_onehot': None, 'max_delta_step': None, 'max_depth': None, 'max_leaves': None, 'min_child_weight': None, 'missing': nan, 'monotone_constraints': None, 'multi_strategy': None, 'n_estimators': None, 'n_jobs': None, 'num_parallel_tree': None, 'random_state': 1, 'reg_alpha': None, 'reg_lambda': None, 'sampling_method': None, 'scale_pos_weight': None, 'subsample': None, 'tree_method': None, 'validate_parameters': None, 'verbosity': None}"
Logistic Regression rfe k:15,1519.47.00,460.05.00,842.13.00,316.29.00,1529.31.00,1706,1670,90874,7278,1.02,"{'C': 1.0, 'class_weight': None, 'dual': False, 'fit_intercept': True, 'intercept_scaling': 1, 'l1_ratio': None, 'max_iter': 100, 'multi_class': 'deprecated', 'n_jobs': None, 'penalty': 'l2', 'random_state': 1, 'solver': 'lbfgs', 'tol': 0.0001, 'verbose': 0, 'warm_start': False}"
Decision Tree rfe k:15,1580.57.00,1194.26.00,1165.13.00,1225.08.00,1592.43.00,6604,2842,89702,2380,0.54,"{'ccp_alpha': 0.0, 'class_weight': None, 'criterion': 'gini', 'max_depth': None, 'max_features': None, 'max_leaf_nodes': None, 'min_impurity_decrease': 0.0, 'min_samples_leaf': 1, 'min_samples_split': 2, 'min_weight_fraction_leaf': 0.0, 'monotonic_cst': None, 'random_state': 1, 'splitter': 'best'}"
Random Forest rfe k:15,1588.22.00,1259.56.00,1165.49.00,1370.35.00,1631.53.00,7388,3174,89370,1596,10.07,"{'bootstrap': True, 'ccp_alpha': 0.0, 'class_weight': None, 'criterion': 'gini', 'max_depth': None, 'max_features': 'sqrt', 'max_leaf_nodes': None, 'max_samples': None, 'min_impurity_decrease': 0.0, 'min_samples_leaf': 1, 'min_samples_split': 2, 'min_weight_fraction_leaf': 0.0, 'monotonic_cst': None, 'n_estimators': 100, 'n_jobs': None, 'oob_score': False, 'random_state': 1, 'verbose': 0, 'warm_start': False}"
Gradient Boosting Machines rfe k:15,1603.12.00,1371.24.00,1165.33.00,1665.33.00,1632.09.00,8978,3860,88684,6,22.23,"{'ccp_alpha': 0.0, 'criterion': 'friedman_mse', 'init': None, 'learning_rate': 0.1, 'loss': 'log_loss', 'max_depth': 3, 'max_features': None, 'max_leaf_nodes': None, 'min_impurity_decrease': 0.0, 'min_samples_leaf': 1, 'min_samples_split': 2, 'min_weight_fraction_leaf': 0.0, 'n_estimators': 100, 'n_iter_no_change': None, 'random_state': 1, 'subsample': 1.0, 'tol': 0.0001, 'validation_fraction': 0.1, 'verbose': 0, 'warm_start': False}"
XGBoost rfe k:15,1600.28.00,1353.19.00,1164.16.00,1615.39.00,1631.40.00,8709,3758,88786,275,1.38,"{'objective': 'binary:logistic', 'base_score': None, 'booster': None, 'callbacks': None, 'colsample_bylevel': None, 'colsample_bynode': None, 'colsample_bytree': None, 'device': None, 'early_stopping_rounds': None, 'enable_categorical': False, 'eval_metric': None, 'feature_types': None, 'gamma': None, 'grow_policy': None, 'importance_type': None, 'interaction_constraints': None, 'learning_rate': None, 'max_bin': None, 'max_cat_threshold': None, 'max_cat_to_onehot': None, 'max_delta_step': None, 'max_depth': None, 'max_leaves': None, 'min_child_weight': None, 'missing': nan, 'monotone_constraints': None, 'multi_strategy': None, 'n_estimators': None, 'n_jobs': None, 'num_parallel_tree': None, 'random_state': 1, 'reg_alpha': None, 'reg_lambda': None, 'sampling_method': None, 'scale_pos_weight': None, 'subsample': None, 'tree_method': None, 'validate_parameters': None, 'verbosity': None}"
Logistic Regression rfe k:15,1517.37.00,400.55.00,806.25.00,266.46.00,1497.55.00,1438,1534,91010,7546,1.19,"{'C': 1.0, 'class_weight': None, 'dual': False, 'fit_intercept': True, 'intercept_scaling': 1, 'l1_ratio': None, 'max_iter': 100, 'multi_class': 'deprecated', 'n_jobs': None, 'penalty': 'l2', 'random_state': 1, 'solver': 'lbfgs', 'tol': 0.0001, 'verbose': 0, 'warm_start': False}"
Decision Tree rfe k:15,1581.11.00,1196.44.00,1165.15.00,1229.58.00,1593.12.00,6630,2853,89691,2354,0.51,"{'ccp_alpha': 0.0, 'class_weight': None, 'criterion': 'gini', 'max_depth': None, 'max_features': None, 'max_leaf_nodes': None, 'min_impurity_decrease': 0.0, 'min_samples_leaf': 1, 'min_samples_split': 2, 'min_weight_fraction_leaf': 0.0, 'monotonic_cst': None, 'random_state': 1, 'splitter': 'best'}"
Random Forest rfe k:15,1588.13.00,1259.01.00,1165.19.00,1369.06.00,1631.50.00,7380,3175,89369,1604,10.25,"{'bootstrap': True, 'ccp_alpha': 0.0, 'class_weight': None, 'criterion': 'gini', 'max_depth': None, 'max_features': 'sqrt', 'max_leaf_nodes': None, 'max_samples': None, 'min_impurity_decrease': 0.0, 'min_samples_leaf': 1, 'min_samples_split': 2, 'min_weight_fraction_leaf': 0.0, 'monotonic_cst': None, 'n_estimators': 100, 'n_jobs': None, 'oob_score': False, 'random_state': 1, 'verbose': 0, 'warm_start': False}"
Gradient Boosting Machines rfe k:15,1603.08.00,1371.02.00,1165.24.00,1664.49.00,1631.53.00,8974,3860,88684,10,20.04,"{'ccp_alpha': 0.0, 'criterion': 'friedman_mse', 'init': None, 'learning_rate': 0.1, 'loss': 'log_loss', 'max_depth': 3, 'max_features': None, 'max_leaf_nodes': None, 'min_impurity_decrease': 0.0, 'min_samples_leaf': 1, 'min_samples_split': 2, 'min_weight_fraction_leaf': 0.0, 'n_estimators': 100, 'n_iter_no_change': None, 'random_state': 1, 'subsample': 1.0, 'tol': 0.0001, 'validation_fraction': 0.1, 'verbose': 0, 'warm_start': False}"
XGBoost rfe k:15,1600.44.00,1355.00.00,1164.45.00,1619.33.00,1631.30.00,8730,3762,88782,254,1.01,"{'objective': 'binary:logistic', 'base_score': None, 'booster': None, 'callbacks': None, 'colsample_bylevel': None, 'colsample_bynode': None, 'colsample_bytree': None, 'device': None, 'early_stopping_rounds': None, 'enable_categorical': False, 'eval_metric': None, 'feature_types': None, 'gamma': None, 'grow_policy': None, 'importance_type': None, 'interaction_constraints': None, 'learning_rate': None, 'max_bin': None, 'max_cat_threshold': None, 'max_cat_to_onehot': None, 'max_delta_step': None, 'max_depth': None, 'max_leaves': None, 'min_child_weight': None, 'missing': nan, 'monotone_constraints': None, 'multi_strategy': None, 'n_estimators': None, 'n_jobs': None, 'num_parallel_tree': None, 'random_state': 1, 'reg_alpha': None, 'reg_lambda': None, 'sampling_method': None, 'scale_pos_weight': None, 'subsample': None, 'tree_method': None, 'validate_parameters': None, 'verbosity': None}"
Logistic Regression rfe k:15,1517.46.00,406.04.00,809.14.00,271.02.00,1500.25.00,1461,1548,90996,7523,0.54,"{'C': 1.0, 'class_weight': None, 'dual': False, 'fit_intercept': True, 'intercept_scaling': 1, 'l1_ratio': None, 'max_iter': 100, 'multi_class': 'deprecated', 'n_jobs': None, 'penalty': 'l2', 'random_state': 1, 'solver': 'lbfgs', 'tol': 0.0001, 'verbose': 0, 'warm_start': False}"
Decision Tree rfe k:15,1580.53.00,1194.47.00,1163.53.00,1227.22.00,1593.03.00,6616,2858,89686,2368,0.53,"{'ccp_alpha': 0.0, 'class_weight': None, 'criterion': 'gini', 'max_depth': None, 'max_features': None, 'max_leaf_nodes': None, 'min_impurity_decrease': 0.0, 'min_samples_leaf': 1, 'min_samples_split': 2, 'min_weight_fraction_leaf': 0.0, 'monotonic_cst': None, 'random_state': 1, 'splitter': 'best'}"
Random Forest rfe k:15,1588.00.00,1257.46.00,1164.31.00,1367.15.00,1631.49.00,7370,3178,89366,1614,10.29,"{'bootstrap': True, 'ccp_alpha': 0.0, 'class_weight': None, 'criterion': 'gini', 'max_depth': None, 'max_features': 'sqrt', 'max_leaf_nodes': None, 'max_samples': None, 'min_impurity_decrease': 0.0, 'min_samples_leaf': 1, 'min_samples_split': 2, 'min_weight_fraction_leaf': 0.0, 'monotonic_cst': None, 'n_estimators': 100, 'n_jobs': None, 'oob_score': False, 'random_state': 1, 'verbose': 0, 'warm_start': False}"
Gradient Boosting Machines rfe k:15,1603.07.00,1370.55.00,1165.24.00,1664.26.00,1631.39.00,8972,3859,88685,12,20.54,"{'ccp_alpha': 0.0, 'criterion': 'friedman_mse', 'init': None, 'learning_rate': 0.1, 'loss': 'log_loss', 'max_depth': 3, 'max_features': None, 'max_leaf_nodes': None, 'min_impurity_decrease': 0.0, 'min_samples_leaf': 1, 'min_samples_split': 2, 'min_weight_fraction_leaf': 0.0, 'n_estimators': 100, 'n_iter_no_change': None, 'random_state': 1, 'subsample': 1.0, 'tol': 0.0001, 'validation_fraction': 0.1, 'verbose': 0, 'warm_start': False}"
XGBoost rfe k:15,1600.57.00,1355.49.00,1165.58.00,1619.33.00,1632.02.00,8730,3749,88795,254,1.37,"{'objective': 'binary:logistic', 'base_score': None, 'booster': None, 'callbacks': None, 'colsample_bylevel': None, 'colsample_bynode': None, 'colsample_bytree': None, 'device': None, 'early_stopping_rounds': None, 'enable_categorical': False, 'eval_metric': None, 'feature_types': None, 'gamma': None, 'grow_policy': None, 'importance_type': None, 'interaction_constraints': None, 'learning_rate': None, 'max_bin': None, 'max_cat_threshold': None, 'max_cat_to_onehot': None, 'max_delta_step': None, 'max_depth': None, 'max_leaves': None, 'min_child_weight': None, 'missing': nan, 'monotone_constraints': None, 'multi_strategy': None, 'n_estimators': None, 'n_jobs': None, 'num_parallel_tree': None, 'random_state': 1, 'reg_alpha': None, 'reg_lambda': None, 'sampling_method': None, 'scale_pos_weight': None, 'subsample': None, 'tree_method': None, 'validate_parameters': None, 'verbosity': None}"
Logistic Regression rfe k:20,1520.27.00,471.08.00,852.01.00,325.35.00,1530.40.00,1755,1678,90866,7229,1.17,"{'C': 1.0, 'class_weight': None, 'dual': False, 'fit_intercept': True, 'intercept_scaling': 1, 'l1_ratio': None, 'max_iter': 100, 'multi_class': 'deprecated', 'n_jobs': None, 'penalty': 'l2', 'random_state': 1, 'solver': 'lbfgs', 'tol': 0.0001, 'verbose': 0, 'warm_start': False}"
Decision Tree rfe k:20,1580.51.00,1195.04.00,1163.05.00,1228.51.00,1593.01.00,6624,2868,89676,2360,0.54,"{'ccp_alpha': 0.0, 'class_weight': None, 'criterion': 'gini', 'max_depth': None, 'max_features': None, 'max_leaf_nodes': None, 'min_impurity_decrease': 0.0, 'min_samples_leaf': 1, 'min_samples_split': 2, 'min_weight_fraction_leaf': 0.0, 'monotonic_cst': None, 'random_state': 1, 'splitter': 'best'}"
Random Forest rfe k:20,1587.58.00,1257.21.00,1164.44.00,1365.57.00,1631.37.00,7363,3173,89371,1621,11.02,"{'bootstrap': True, 'ccp_alpha': 0.0, 'class_weight': None, 'criterion': 'gini', 'max_depth': None, 'max_features': 'sqrt', 'max_leaf_nodes': None, 'max_samples': None, 'min_impurity_decrease': 0.0, 'min_samples_leaf': 1, 'min_samples_split': 2, 'min_weight_fraction_leaf': 0.0, 'monotonic_cst': None, 'n_estimators': 100, 'n_jobs': None, 'oob_score': False, 'random_state': 1, 'verbose': 0, 'warm_start': False}"
Gradient Boosting Machines rfe k:20,1603.07.00,1371.00.00,1165.15.00,1665.00.00,1632.01.00,8975,3862,88682,9,21.03,"{'ccp_alpha': 0.0, 'criterion': 'friedman_mse', 'init': None, 'learning_rate': 0.1, 'loss': 'log_loss', 'max_depth': 3, 'max_features': None, 'max_leaf_nodes': None, 'min_impurity_decrease': 0.0, 'min_samples_leaf': 1, 'min_samples_split': 2, 'min_weight_fraction_leaf': 0.0, 'n_estimators': 100, 'n_iter_no_change': None, 'random_state': 1, 'subsample': 1.0, 'tol': 0.0001, 'validation_fraction': 0.1, 'verbose': 0, 'warm_start': False}"
XGBoost rfe k:20,1601.15.00,1357.56.00,1165.50.00,1625.51.00,1631.43.00,8764,3765,88779,220,1.08,"{'objective': 'binary:logistic', 'base_score': None, 'booster': None, 'callbacks': None, 'colsample_bylevel': None, 'colsample_bynode': None, 'colsample_bytree': None, 'device': None, 'early_stopping_rounds': None, 'enable_categorical': False, 'eval_metric': None, 'feature_types': None, 'gamma': None, 'grow_policy': None, 'importance_type': None, 'interaction_constraints': None, 'learning_rate': None, 'max_bin': None, 'max_cat_threshold': None, 'max_cat_to_onehot': None, 'max_delta_step': None, 'max_depth': None, 'max_leaves': None, 'min_child_weight': None, 'missing': nan, 'monotone_constraints': None, 'multi_strategy': None, 'n_estimators': None, 'n_jobs': None, 'num_parallel_tree': None, 'random_state': 1, 'reg_alpha': None, 'reg_lambda': None, 'sampling_method': None, 'scale_pos_weight': None, 'subsample': None, 'tree_method': None, 'validate_parameters': None, 'verbosity': None}"
Logistic Regression rfe k:20,1517.23.00,414.15.00,803.56.00,279.01.00,1501.30.00,1504,1614,90930,7480,1.12,"{'C': 1.0, 'class_weight': None, 'dual': False, 'fit_intercept': True, 'intercept_scaling': 1, 'l1_ratio': None, 'max_iter': 100, 'multi_class': 'deprecated', 'n_jobs': None, 'penalty': 'l2', 'random_state': 1, 'solver': 'lbfgs', 'tol': 0.0001, 'verbose': 0, 'warm_start': False}"
Decision Tree rfe k:20,1580.39.00,1193.25.00,1162.48.00,1225.42.00,1592.26.00,6607,2863,89681,2377,0.6,"{'ccp_alpha': 0.0, 'class_weight': None, 'criterion': 'gini', 'max_depth': None, 'max_features': None, 'max_leaf_nodes': None, 'min_impurity_decrease': 0.0, 'min_samples_leaf': 1, 'min_samples_split': 2, 'min_weight_fraction_leaf': 0.0, 'monotonic_cst': None, 'random_state': 1, 'splitter': 'best'}"
Random Forest rfe k:20,1588.20.00,1259.36.00,1165.55.00,1369.39.00,1631.50.00,7383,3171,89373,1601,11.49,"{'bootstrap': True, 'ccp_alpha': 0.0, 'class_weight': None, 'criterion': 'gini', 'max_depth': None, 'max_features': 'sqrt', 'max_leaf_nodes': None, 'max_samples': None, 'min_impurity_decrease': 0.0, 'min_samples_leaf': 1, 'min_samples_split': 2, 'min_weight_fraction_leaf': 0.0, 'monotonic_cst': None, 'n_estimators': 100, 'n_jobs': None, 'oob_score': False, 'random_state': 1, 'verbose': 0, 'warm_start': False}"
Gradient Boosting Machines rfe k:20,1603.09.00,1371.06.00,1165.29.00,1664.49.00,1632.07.00,8974,3859,88685,10,24.19.00,"{'ccp_alpha': 0.0, 'criterion': 'friedman_mse', 'init': None, 'learning_rate': 0.1, 'loss': 'log_loss', 'max_depth': 3, 'max_features': None, 'max_leaf_nodes': None, 'min_impurity_decrease': 0.0, 'min_samples_leaf': 1, 'min_samples_split': 2, 'min_weight_fraction_leaf': 0.0, 'n_estimators': 100, 'n_iter_no_change': None, 'random_state': 1, 'subsample': 1.0, 'tol': 0.0001, 'validation_fraction': 0.1, 'verbose': 0, 'warm_start': False}"
XGBoost rfe k:20,1600.06.00,1350.04.00,1165.34.00,1603.58.00,1631.46.00,8646,3717,88827,338,1.13,"{'objective': 'binary:logistic', 'base_score': None, 'booster': None, 'callbacks': None, 'colsample_bylevel': None, 'colsample_bynode': None, 'colsample_bytree': None, 'device': None, 'early_stopping_rounds': None, 'enable_categorical': False, 'eval_metric': None, 'feature_types': None, 'gamma': None, 'grow_policy': None, 'importance_type': None, 'interaction_constraints': None, 'learning_rate': None, 'max_bin': None, 'max_cat_threshold': None, 'max_cat_to_onehot': None, 'max_delta_step': None, 'max_depth': None, 'max_leaves': None, 'min_child_weight': None, 'missing': nan, 'monotone_constraints': None, 'multi_strategy': None, 'n_estimators': None, 'n_jobs': None, 'num_parallel_tree': None, 'random_state': 1, 'reg_alpha': None, 'reg_lambda': None, 'sampling_method': None, 'scale_pos_weight': None, 'subsample': None, 'tree_method': None, 'validate_parameters': None, 'verbosity': None}"
Logistic Regression rfe k:20,1520.02.00,458.32.00,846.19.00,314.27.00,1529.39.00,1695,1643,90901,7289,1.25,"{'C': 1.0, 'class_weight': None, 'dual': False, 'fit_intercept': True, 'intercept_scaling': 1, 'l1_ratio': None, 'max_iter': 100, 'multi_class': 'deprecated', 'n_jobs': None, 'penalty': 'l2', 'random_state': 1, 'solver': 'lbfgs', 'tol': 0.0001, 'verbose': 0, 'warm_start': False}"
Decision Tree rfe k:20,1580.47.00,1194.05.00,1163.34.00,1226.15.00,1593.10.00,6610,2858,89686,2374,0.58,"{'ccp_alpha': 0.0, 'class_weight': None, 'criterion': 'gini', 'max_depth': None, 'max_features': None, 'max_leaf_nodes': None, 'min_impurity_decrease': 0.0, 'min_samples_leaf': 1, 'min_samples_split': 2, 'min_weight_fraction_leaf': 0.0, 'monotonic_cst': None, 'random_state': 1, 'splitter': 'best'}"
Random Forest rfe k:20,1587.58.00,1257.05.00,1165.07.00,1364.50.00,1631.47.00,7357,3167,89377,1627,12.04,"{'bootstrap': True, 'ccp_alpha': 0.0, 'class_weight': None, 'criterion': 'gini', 'max_depth': None, 'max_features': 'sqrt', 'max_leaf_nodes': None, 'max_samples': None, 'min_impurity_decrease': 0.0, 'min_samples_leaf': 1, 'min_samples_split': 2, 'min_weight_fraction_leaf': 0.0, 'monotonic_cst': None, 'n_estimators': 100, 'n_jobs': None, 'oob_score': False, 'random_state': 1, 'verbose': 0, 'warm_start': False}"
Gradient Boosting Machines rfe k:20,1603.09.00,1371.06.00,1165.29.00,1664.49.00,1632.06.00,8974,3859,88685,10,26.27.00,"{'ccp_alpha': 0.0, 'criterion': 'friedman_mse', 'init': None, 'learning_rate': 0.1, 'loss': 'log_loss', 'max_depth': 3, 'max_features': None, 'max_leaf_nodes': None, 'min_impurity_decrease': 0.0, 'min_samples_leaf': 1, 'min_samples_split': 2, 'min_weight_fraction_leaf': 0.0, 'n_estimators': 100, 'n_iter_no_change': None, 'random_state': 1, 'subsample': 1.0, 'tol': 0.0001, 'validation_fraction': 0.1, 'verbose': 0, 'warm_start': False}"
XGBoost rfe k:20,1600.46.00,1354.26.00,1166.13.00,1615.06.00,1631.57.00,8706,3736,88808,278,1.11,"{'objective': 'binary:logistic', 'base_score': None, 'booster': None, 'callbacks': None, 'colsample_bylevel': None, 'colsample_bynode': None, 'colsample_bytree': None, 'device': None, 'early_stopping_rounds': None, 'enable_categorical': False, 'eval_metric': None, 'feature_types': None, 'gamma': None, 'grow_policy': None, 'importance_type': None, 'interaction_constraints': None, 'learning_rate': None, 'max_bin': None, 'max_cat_threshold': None, 'max_cat_to_onehot': None, 'max_delta_step': None, 'max_depth': None, 'max_leaves': None, 'min_child_weight': None, 'missing': nan, 'monotone_constraints': None, 'multi_strategy': None, 'n_estimators': None, 'n_jobs': None, 'num_parallel_tree': None, 'random_state': 1, 'reg_alpha': None, 'reg_lambda': None, 'sampling_method': None, 'scale_pos_weight': None, 'subsample': None, 'tree_method': None, 'validate_parameters': None, 'verbosity': None}"
Logistic Regression rfe k:20,1517.42.00,408.15.00,808.21.00,273.05.00,1500.17.00,1472,1563,90981,7512,0.8,"{'C': 1.0, 'class_weight': None, 'dual': False, 'fit_intercept': True, 'intercept_scaling': 1, 'l1_ratio': None, 'max_iter': 100, 'multi_class': 'deprecated', 'n_jobs': None, 'penalty': 'l2', 'random_state': 1, 'solver': 'lbfgs', 'tol': 0.0001, 'verbose': 0, 'warm_start': False}"
Decision Tree rfe k:20,1581.08.00,1196.44.00,1164.36.00,1230.42.00,1592.57.00,6634,2860,89684,2350,1.02,"{'ccp_alpha': 0.0, 'class_weight': None, 'criterion': 'gini', 'max_depth': None, 'max_features': None, 'max_leaf_nodes': None, 'min_impurity_decrease': 0.0, 'min_samples_leaf': 1, 'min_samples_split': 2, 'min_weight_fraction_leaf': 0.0, 'monotonic_cst': None, 'random_state': 1, 'splitter': 'best'}"
Random Forest rfe k:20,1588.20.00,1259.43.00,1165.43.00,1370.13.00,1631.47.00,7386,3174,89370,1598,14.02,"{'bootstrap': True, 'ccp_alpha': 0.0, 'class_weight': None, 'criterion': 'gini', 'max_depth': None, 'max_features': 'sqrt', 'max_leaf_nodes': None, 'max_samples': None, 'min_impurity_decrease': 0.0, 'min_samples_leaf': 1, 'min_samples_split': 2, 'min_weight_fraction_leaf': 0.0, 'monotonic_cst': None, 'n_estimators': 100, 'n_jobs': None, 'oob_score': False, 'random_state': 1, 'verbose': 0, 'warm_start': False}"
Gradient Boosting Machines rfe k:20,1603.11.00,1371.22.00,1165.24.00,1665.44.00,1631.45.00,8979,3862,88682,5,22.4,"{'ccp_alpha': 0.0, 'criterion': 'friedman_mse', 'init': None, 'learning_rate': 0.1, 'loss': 'log_loss', 'max_depth': 3, 'max_features': None, 'max_leaf_nodes': None, 'min_impurity_decrease': 0.0, 'min_samples_leaf': 1, 'min_samples_split': 2, 'min_weight_fraction_leaf': 0.0, 'n_estimators': 100, 'n_iter_no_change': None, 'random_state': 1, 'subsample': 1.0, 'tol': 0.0001, 'validation_fraction': 0.1, 'verbose': 0, 'warm_start': False}"
XGBoost rfe k:20,1600.34.00,1354.04.00,1164.09.00,1618.04.00,1631.31.00,8722,3765,88779,262,1.15,"{'objective': 'binary:logistic', 'base_score': None, 'booster': None, 'callbacks': None, 'colsample_bylevel': None, 'colsample_bynode': None, 'colsample_bytree': None, 'device': None, 'early_stopping_rounds': None, 'enable_categorical': False, 'eval_metric': None, 'feature_types': None, 'gamma': None, 'grow_policy': None, 'importance_type': None, 'interaction_constraints': None, 'learning_rate': None, 'max_bin': None, 'max_cat_threshold': None, 'max_cat_to_onehot': None, 'max_delta_step': None, 'max_depth': None, 'max_leaves': None, 'min_child_weight': None, 'missing': nan, 'monotone_constraints': None, 'multi_strategy': None, 'n_estimators': None, 'n_jobs': None, 'num_parallel_tree': None, 'random_state': 1, 'reg_alpha': None, 'reg_lambda': None, 'sampling_method': None, 'scale_pos_weight': None, 'subsample': None, 'tree_method': None, 'validate_parameters': None, 'verbosity': None}"
Logistic Regression rfe k:20,1518.01.00,426.17.00,814.45.00,288.40.00,1502.54.00,1556,1627,90917,7428,1.13,"{'C': 1.0, 'class_weight': None, 'dual': False, 'fit_intercept': True, 'intercept_scaling': 1, 'l1_ratio': None, 'max_iter': 100, 'multi_class': 'deprecated', 'n_jobs': None, 'penalty': 'l2', 'random_state': 1, 'solver': 'lbfgs', 'tol': 0.0001, 'verbose': 0, 'warm_start': False}"
Decision Tree rfe k:20,1581.03.00,1195.44.00,1164.42.00,1228.29.00,1593.17.00,6622,2854,89690,2362,0.59,"{'ccp_alpha': 0.0, 'class_weight': None, 'criterion': 'gini', 'max_depth': None, 'max_features': None, 'max_leaf_nodes': None, 'min_impurity_decrease': 0.0, 'min_samples_leaf': 1, 'min_samples_split': 2, 'min_weight_fraction_leaf': 0.0, 'monotonic_cst': None, 'random_state': 1, 'splitter': 'best'}"
Random Forest rfe k:20,1588.04.00,1258.24.00,1164.24.00,1368.55.00,1631.48.00,7379,3183,89361,1605,12.23,"{'bootstrap': True, 'ccp_alpha': 0.0, 'class_weight': None, 'criterion': 'gini', 'max_depth': None, 'max_features': 'sqrt', 'max_leaf_nodes': None, 'max_samples': None, 'min_impurity_decrease': 0.0, 'min_samples_leaf': 1, 'min_samples_split': 2, 'min_weight_fraction_leaf': 0.0, 'monotonic_cst': None, 'n_estimators': 100, 'n_jobs': None, 'oob_score': False, 'random_state': 1, 'verbose': 0, 'warm_start': False}"
Gradient Boosting Machines rfe k:20,1603.10.00,1371.13.00,1165.28.00,1665.11.00,1631.45.00,8976,3860,88684,8,23.32,"{'ccp_alpha': 0.0, 'criterion': 'friedman_mse', 'init': None, 'learning_rate': 0.1, 'loss': 'log_loss', 'max_depth': 3, 'max_features': None, 'max_leaf_nodes': None, 'min_impurity_decrease': 0.0, 'min_samples_leaf': 1, 'min_samples_split': 2, 'min_weight_fraction_leaf': 0.0, 'n_estimators': 100, 'n_iter_no_change': None, 'random_state': 1, 'subsample': 1.0, 'tol': 0.0001, 'validation_fraction': 0.1, 'verbose': 0, 'warm_start': False}"
XGBoost rfe k:20,1601.10.00,1357.44.00,1165.09.00,1626.36.00,1631.36.00,8768,3774,88770,216,1.27,"{'objective': 'binary:logistic', 'base_score': None, 'booster': None, 'callbacks': None, 'colsample_bylevel': None, 'colsample_bynode': None, 'colsample_bytree': None, 'device': None, 'early_stopping_rounds': None, 'enable_categorical': False, 'eval_metric': None, 'feature_types': None, 'gamma': None, 'grow_policy': None, 'importance_type': None, 'interaction_constraints': None, 'learning_rate': None, 'max_bin': None, 'max_cat_threshold': None, 'max_cat_to_onehot': None, 'max_delta_step': None, 'max_depth': None, 'max_leaves': None, 'min_child_weight': None, 'missing': nan, 'monotone_constraints': None, 'multi_strategy': None, 'n_estimators': None, 'n_jobs': None, 'num_parallel_tree': None, 'random_state': 1, 'reg_alpha': None, 'reg_lambda': None, 'sampling_method': None, 'scale_pos_weight': None, 'subsample': None, 'tree_method': None, 'validate_parameters': None, 'verbosity': None}"
Logistic Regression rfe k:25,1520.24.00,470.49.00,851.17.00,325.24.00,1530.21.00,1754,1680,90864,7230,1.07,"{'C': 1.0, 'class_weight': None, 'dual': False, 'fit_intercept': True, 'intercept_scaling': 1, 'l1_ratio': None, 'max_iter': 100, 'multi_class': 'deprecated', 'n_jobs': None, 'penalty': 'l2', 'random_state': 1, 'solver': 'lbfgs', 'tol': 0.0001, 'verbose': 0, 'warm_start': False}"
Decision Tree rfe k:25,1580.48.00,1194.31.00,1163.12.00,1227.33.00,1592.56.00,6617,2864,89680,2367,1.04,"{'ccp_alpha': 0.0, 'class_weight': None, 'criterion': 'gini', 'max_depth': None, 'max_features': None, 'max_leaf_nodes': None, 'min_impurity_decrease': 0.0, 'min_samples_leaf': 1, 'min_samples_split': 2, 'min_weight_fraction_leaf': 0.0, 'monotonic_cst': None, 'random_state': 1, 'splitter': 'best'}"
Random Forest rfe k:25,1588.01.00,1257.55.00,1164.30.00,1367.37.00,1631.34.00,7372,3179,89365,1612,12.45,"{'bootstrap': True, 'ccp_alpha': 0.0, 'class_weight': None, 'criterion': 'gini', 'max_depth': None, 'max_features': 'sqrt', 'max_leaf_nodes': None, 'max_samples': None, 'min_impurity_decrease': 0.0, 'min_samples_leaf': 1, 'min_samples_split': 2, 'min_weight_fraction_leaf': 0.0, 'monotonic_cst': None, 'n_estimators': 100, 'n_jobs': None, 'oob_score': False, 'random_state': 1, 'verbose': 0, 'warm_start': False}"
Gradient Boosting Machines rfe k:25,1603.07.00,1371.00.00,1165.15.00,1665.00.00,1632.09.00,8975,3862,88682,9,24.01.00,"{'ccp_alpha': 0.0, 'criterion': 'friedman_mse', 'init': None, 'learning_rate': 0.1, 'loss': 'log_loss', 'max_depth': 3, 'max_features': None, 'max_leaf_nodes': None, 'min_impurity_decrease': 0.0, 'min_samples_leaf': 1, 'min_samples_split': 2, 'min_weight_fraction_leaf': 0.0, 'n_estimators': 100, 'n_iter_no_change': None, 'random_state': 1, 'subsample': 1.0, 'tol': 0.0001, 'validation_fraction': 0.1, 'verbose': 0, 'warm_start': False}"
XGBoost rfe k:25,1601.11.00,1357.55.00,1165.02.00,1627.20.00,1631.42.00,8772,3777,88767,212,1.35,"{'objective': 'binary:logistic', 'base_score': None, 'booster': None, 'callbacks': None, 'colsample_bylevel': None, 'colsample_bynode': None, 'colsample_bytree': None, 'device': None, 'early_stopping_rounds': None, 'enable_categorical': False, 'eval_metric': None, 'feature_types': None, 'gamma': None, 'grow_policy': None, 'importance_type': None, 'interaction_constraints': None, 'learning_rate': None, 'max_bin': None, 'max_cat_threshold': None, 'max_cat_to_onehot': None, 'max_delta_step': None, 'max_depth': None, 'max_leaves': None, 'min_child_weight': None, 'missing': nan, 'monotone_constraints': None, 'multi_strategy': None, 'n_estimators': None, 'n_jobs': None, 'num_parallel_tree': None, 'random_state': 1, 'reg_alpha': None, 'reg_lambda': None, 'sampling_method': None, 'scale_pos_weight': None, 'subsample': None, 'tree_method': None, 'validate_parameters': None, 'verbosity': None}"
Logistic Regression rfe k:25,1518.39.00,434.20.00,824.46.00,294.47.00,1505.31.00,1589,1622,90922,7395,1.36,"{'C': 1.0, 'class_weight': None, 'dual': False, 'fit_intercept': True, 'intercept_scaling': 1, 'l1_ratio': None, 'max_iter': 100, 'multi_class': 'deprecated', 'n_jobs': None, 'penalty': 'l2', 'random_state': 1, 'solver': 'lbfgs', 'tol': 0.0001, 'verbose': 0, 'warm_start': False}"
Decision Tree rfe k:25,1581.00.00,1196.00.00,1163.42.00,1230.09.00,1593.16.00,6631,2866,89678,2353,1.06,"{'ccp_alpha': 0.0, 'class_weight': None, 'criterion': 'gini', 'max_depth': None, 'max_features': None, 'max_leaf_nodes': None, 'min_impurity_decrease': 0.0, 'min_samples_leaf': 1, 'min_samples_split': 2, 'min_weight_fraction_leaf': 0.0, 'monotonic_cst': None, 'random_state': 1, 'splitter': 'best'}"
Random Forest rfe k:25,1587.59.00,1257.42.00,1164.24.00,1367.15.00,1631.51.00,7370,3179,89365,1614,13.18,"{'bootstrap': True, 'ccp_alpha': 0.0, 'class_weight': None, 'criterion': 'gini', 'max_depth': None, 'max_features': 'sqrt', 'max_leaf_nodes': None, 'max_samples': None, 'min_impurity_decrease': 0.0, 'min_samples_leaf': 1, 'min_samples_split': 2, 'min_weight_fraction_leaf': 0.0, 'monotonic_cst': None, 'n_estimators': 100, 'n_jobs': None, 'oob_score': False, 'random_state': 1, 'verbose': 0, 'warm_start': False}"
Gradient Boosting Machines rfe k:25,1603.09.00,1371.06.00,1165.29.00,1664.49.00,1632.07.00,8974,3859,88685,10,27.53.00,"{'ccp_alpha': 0.0, 'criterion': 'friedman_mse', 'init': None, 'learning_rate': 0.1, 'loss': 'log_loss', 'max_depth': 3, 'max_features': None, 'max_leaf_nodes': None, 'min_impurity_decrease': 0.0, 'min_samples_leaf': 1, 'min_samples_split': 2, 'min_weight_fraction_leaf': 0.0, 'n_estimators': 100, 'n_iter_no_change': None, 'random_state': 1, 'subsample': 1.0, 'tol': 0.0001, 'validation_fraction': 0.1, 'verbose': 0, 'warm_start': False}"
XGBoost rfe k:25,1600.20.00,1351.59.00,1165.01.00,1610.27.00,1631.32.00,8681,3738,88806,303,1.27,"{'objective': 'binary:logistic', 'base_score': None, 'booster': None, 'callbacks': None, 'colsample_bylevel': None, 'colsample_bynode': None, 'colsample_bytree': None, 'device': None, 'early_stopping_rounds': None, 'enable_categorical': False, 'eval_metric': None, 'feature_types': None, 'gamma': None, 'grow_policy': None, 'importance_type': None, 'interaction_constraints': None, 'learning_rate': None, 'max_bin': None, 'max_cat_threshold': None, 'max_cat_to_onehot': None, 'max_delta_step': None, 'max_depth': None, 'max_leaves': None, 'min_child_weight': None, 'missing': nan, 'monotone_constraints': None, 'multi_strategy': None, 'n_estimators': None, 'n_jobs': None, 'num_parallel_tree': None, 'random_state': 1, 'reg_alpha': None, 'reg_lambda': None, 'sampling_method': None, 'scale_pos_weight': None, 'subsample': None, 'tree_method': None, 'validate_parameters': None, 'verbosity': None}"
Logistic Regression rfe k:25,1520.18.00,463.02.00,850.11.00,318.09.00,1529.48.00,1715,1647,90897,7269,1.25,"{'C': 1.0, 'class_weight': None, 'dual': False, 'fit_intercept': True, 'intercept_scaling': 1, 'l1_ratio': None, 'max_iter': 100, 'multi_class': 'deprecated', 'n_jobs': None, 'penalty': 'l2', 'random_state': 1, 'solver': 'lbfgs', 'tol': 0.0001, 'verbose': 0, 'warm_start': False}"
Decision Tree rfe k:25,1580.41.00,1193.02.00,1163.44.00,1223.51.00,1592.11.00,6597,2851,89693,2387,1.02,"{'ccp_alpha': 0.0, 'class_weight': None, 'criterion': 'gini', 'max_depth': None, 'max_features': None, 'max_leaf_nodes': None, 'min_impurity_decrease': 0.0, 'min_samples_leaf': 1, 'min_samples_split': 2, 'min_weight_fraction_leaf': 0.0, 'monotonic_cst': None, 'random_state': 1, 'splitter': 'best'}"
Random Forest rfe k:25,1588.07.00,1258.53.00,1164.17.00,1370.13.00,1631.51.00,7386,3187,89357,1598,12.34,"{'bootstrap': True, 'ccp_alpha': 0.0, 'class_weight': None, 'criterion': 'gini', 'max_depth': None, 'max_features': 'sqrt', 'max_leaf_nodes': None, 'max_samples': None, 'min_impurity_decrease': 0.0, 'min_samples_leaf': 1, 'min_samples_split': 2, 'min_weight_fraction_leaf': 0.0, 'monotonic_cst': None, 'n_estimators': 100, 'n_jobs': None, 'oob_score': False, 'random_state': 1, 'verbose': 0, 'warm_start': False}"
Gradient Boosting Machines rfe k:25,1603.08.00,1371.04.00,1165.21.00,1665.00.00,1632.01.00,8975,3861,88683,9,26.31.00,"{'ccp_alpha': 0.0, 'criterion': 'friedman_mse', 'init': None, 'learning_rate': 0.1, 'loss': 'log_loss', 'max_depth': 3, 'max_features': None, 'max_leaf_nodes': None, 'min_impurity_decrease': 0.0, 'min_samples_leaf': 1, 'min_samples_split': 2, 'min_weight_fraction_leaf': 0.0, 'n_estimators': 100, 'n_iter_no_change': None, 'random_state': 1, 'subsample': 1.0, 'tol': 0.0001, 'validation_fraction': 0.1, 'verbose': 0, 'warm_start': False}"
XGBoost rfe k:25,1600.22.00,1352.00.00,1165.25.00,1609.43.00,1631.32.00,8677,3732,88812,307,1.18,"{'objective': 'binary:logistic', 'base_score': None, 'booster': None, 'callbacks': None, 'colsample_bylevel': None, 'colsample_bynode': None, 'colsample_bytree': None, 'device': None, 'early_stopping_rounds': None, 'enable_categorical': False, 'eval_metric': None, 'feature_types': None, 'gamma': None, 'grow_policy': None, 'importance_type': None, 'interaction_constraints': None, 'learning_rate': None, 'max_bin': None, 'max_cat_threshold': None, 'max_cat_to_onehot': None, 'max_delta_step': None, 'max_depth': None, 'max_leaves': None, 'min_child_weight': None, 'missing': nan, 'monotone_constraints': None, 'multi_strategy': None, 'n_estimators': None, 'n_jobs': None, 'num_parallel_tree': None, 'random_state': 1, 'reg_alpha': None, 'reg_lambda': None, 'sampling_method': None, 'scale_pos_weight': None, 'subsample': None, 'tree_method': None, 'validate_parameters': None, 'verbosity': None}"
Logistic Regression rfe k:25,1517.42.00,409.05.00,808.25.00,273.49.00,1502.08.00,1476,1567,90977,7508,1.19,"{'C': 1.0, 'class_weight': None, 'dual': False, 'fit_intercept': True, 'intercept_scaling': 1, 'l1_ratio': None, 'max_iter': 100, 'multi_class': 'deprecated', 'n_jobs': None, 'penalty': 'l2', 'random_state': 1, 'solver': 'lbfgs', 'tol': 0.0001, 'verbose': 0, 'warm_start': False}"
Decision Tree rfe k:25,1581.06.00,1196.09.00,1164.59.00,1229.02.00,1593.11.00,6625,2853,89691,2359,0.6,"{'ccp_alpha': 0.0, 'class_weight': None, 'criterion': 'gini', 'max_depth': None, 'max_features': None, 'max_leaf_nodes': None, 'min_impurity_decrease': 0.0, 'min_samples_leaf': 1, 'min_samples_split': 2, 'min_weight_fraction_leaf': 0.0, 'monotonic_cst': None, 'random_state': 1, 'splitter': 'best'}"
Random Forest rfe k:25,1588.21.00,1259.47.00,1165.50.00,1370.13.00,1631.45.00,7386,3173,89371,1598,12.07,"{'bootstrap': True, 'ccp_alpha': 0.0, 'class_weight': None, 'criterion': 'gini', 'max_depth': None, 'max_features': 'sqrt', 'max_leaf_nodes': None, 'max_samples': None, 'min_impurity_decrease': 0.0, 'min_samples_leaf': 1, 'min_samples_split': 2, 'min_weight_fraction_leaf': 0.0, 'monotonic_cst': None, 'n_estimators': 100, 'n_jobs': None, 'oob_score': False, 'random_state': 1, 'verbose': 0, 'warm_start': False}"
Gradient Boosting Machines rfe k:25,1603.11.00,1371.22.00,1165.24.00,1665.44.00,1631.58.00,8979,3862,88682,5,24.45.00,"{'ccp_alpha': 0.0, 'criterion': 'friedman_mse', 'init': None, 'learning_rate': 0.1, 'loss': 'log_loss', 'max_depth': 3, 'max_features': None, 'max_leaf_nodes': None, 'min_impurity_decrease': 0.0, 'min_samples_leaf': 1, 'min_samples_split': 2, 'min_weight_fraction_leaf': 0.0, 'n_estimators': 100, 'n_iter_no_change': None, 'random_state': 1, 'subsample': 1.0, 'tol': 0.0001, 'validation_fraction': 0.1, 'verbose': 0, 'warm_start': False}"
XGBoost rfe k:25,1601.10.00,1356.32.00,1167.23.00,1618.48.00,1631.43.00,8726,3732,88812,258,1.14,"{'objective': 'binary:logistic', 'base_score': None, 'booster': None, 'callbacks': None, 'colsample_bylevel': None, 'colsample_bynode': None, 'colsample_bytree': None, 'device': None, 'early_stopping_rounds': None, 'enable_categorical': False, 'eval_metric': None, 'feature_types': None, 'gamma': None, 'grow_policy': None, 'importance_type': None, 'interaction_constraints': None, 'learning_rate': None, 'max_bin': None, 'max_cat_threshold': None, 'max_cat_to_onehot': None, 'max_delta_step': None, 'max_depth': None, 'max_leaves': None, 'min_child_weight': None, 'missing': nan, 'monotone_constraints': None, 'multi_strategy': None, 'n_estimators': None, 'n_jobs': None, 'num_parallel_tree': None, 'random_state': 1, 'reg_alpha': None, 'reg_lambda': None, 'sampling_method': None, 'scale_pos_weight': None, 'subsample': None, 'tree_method': None, 'validate_parameters': None, 'verbosity': None}"
Logistic Regression rfe k:25,1519.24.00,445.25.00,836.39.00,303.30.00,1504.58.00,1636,1623,90921,7348,1.0,"{'C': 1.0, 'class_weight': None, 'dual': False, 'fit_intercept': True, 'intercept_scaling': 1, 'l1_ratio': None, 'max_iter': 100, 'multi_class': 'deprecated', 'n_jobs': None, 'penalty': 'l2', 'random_state': 1, 'solver': 'lbfgs', 'tol': 0.0001, 'verbose': 0, 'warm_start': False}"
Decision Tree rfe k:25,1580.47.00,1193.44.00,1164.03.00,1224.57.00,1593.00.00,6603,2851,89693,2381,1.03,"{'ccp_alpha': 0.0, 'class_weight': None, 'criterion': 'gini', 'max_depth': None, 'max_features': None, 'max_leaf_nodes': None, 'min_impurity_decrease': 0.0, 'min_samples_leaf': 1, 'min_samples_split': 2, 'min_weight_fraction_leaf': 0.0, 'monotonic_cst': None, 'random_state': 1, 'splitter': 'best'}"
Random Forest rfe k:25,1588.07.00,1258.46.00,1164.28.00,1369.39.00,1631.50.00,7383,3184,89360,1601,12.11,"{'bootstrap': True, 'ccp_alpha': 0.0, 'class_weight': None, 'criterion': 'gini', 'max_depth': None, 'max_features': 'sqrt', 'max_leaf_nodes': None, 'max_samples': None, 'min_impurity_decrease': 0.0, 'min_samples_leaf': 1, 'min_samples_split': 2, 'min_weight_fraction_leaf': 0.0, 'monotonic_cst': None, 'n_estimators': 100, 'n_jobs': None, 'oob_score': False, 'random_state': 1, 'verbose': 0, 'warm_start': False}"
Gradient Boosting Machines rfe k:25,1603.08.00,1371.04.00,1165.21.00,1665.00.00,1632.01.00,8975,3861,88683,9,25.29.00,"{'ccp_alpha': 0.0, 'criterion': 'friedman_mse', 'init': None, 'learning_rate': 0.1, 'loss': 'log_loss', 'max_depth': 3, 'max_features': None, 'max_leaf_nodes': None, 'min_impurity_decrease': 0.0, 'min_samples_leaf': 1, 'min_samples_split': 2, 'min_weight_fraction_leaf': 0.0, 'n_estimators': 100, 'n_iter_no_change': None, 'random_state': 1, 'subsample': 1.0, 'tol': 0.0001, 'validation_fraction': 0.1, 'verbose': 0, 'warm_start': False}"
XGBoost rfe k:25,1600.39.00,1353.47.00,1165.44.00,1614.10.00,1631.32.00,8701,3739,88805,283,1.19,"{'objective': 'binary:logistic', 'base_score': None, 'booster': None, 'callbacks': None, 'colsample_bylevel': None, 'colsample_bynode': None, 'colsample_bytree': None, 'device': None, 'early_stopping_rounds': None, 'enable_categorical': False, 'eval_metric': None, 'feature_types': None, 'gamma': None, 'grow_policy': None, 'importance_type': None, 'interaction_constraints': None, 'learning_rate': None, 'max_bin': None, 'max_cat_threshold': None, 'max_cat_to_onehot': None, 'max_delta_step': None, 'max_depth': None, 'max_leaves': None, 'min_child_weight': None, 'missing': nan, 'monotone_constraints': None, 'multi_strategy': None, 'n_estimators': None, 'n_jobs': None, 'num_parallel_tree': None, 'random_state': 1, 'reg_alpha': None, 'reg_lambda': None, 'sampling_method': None, 'scale_pos_weight': None, 'subsample': None, 'tree_method': None, 'validate_parameters': None, 'verbosity': None}"
Logistic Regression rfe k:30,1520.06.00,464.44.00,847.04.00,320.12.00,1530.34.00,1726,1670,90874,7258,1.01,"{'C': 1.0, 'class_weight': None, 'dual': False, 'fit_intercept': True, 'intercept_scaling': 1, 'l1_ratio': None, 'max_iter': 100, 'multi_class': 'deprecated', 'n_jobs': None, 'penalty': 'l2', 'random_state': 1, 'solver': 'lbfgs', 'tol': 0.0001, 'verbose': 0, 'warm_start': False}"
Decision Tree rfe k:30,1580.50.00,1194.38.00,1163.27.00,1227.33.00,1592.27.00,6617,2862,89682,2367,1.05,"{'ccp_alpha': 0.0, 'class_weight': None, 'criterion': 'gini', 'max_depth': None, 'max_features': None, 'max_leaf_nodes': None, 'min_impurity_decrease': 0.0, 'min_samples_leaf': 1, 'min_samples_split': 2, 'min_weight_fraction_leaf': 0.0, 'monotonic_cst': None, 'random_state': 1, 'splitter': 'best'}"
Random Forest rfe k:30,1587.51.00,1256.38.00,1164.20.00,1364.50.00,1631.26.00,7357,3174,89370,1627,12.24,"{'bootstrap': True, 'ccp_alpha': 0.0, 'class_weight': None, 'criterion': 'gini', 'max_depth': None, 'max_features': 'sqrt', 'max_leaf_nodes': None, 'max_samples': None, 'min_impurity_decrease': 0.0, 'min_samples_leaf': 1, 'min_samples_split': 2, 'min_weight_fraction_leaf': 0.0, 'monotonic_cst': None, 'n_estimators': 100, 'n_jobs': None, 'oob_score': False, 'random_state': 1, 'verbose': 0, 'warm_start': False}"
Gradient Boosting Machines rfe k:30,1603.08.00,1371.04.00,1165.21.00,1665.00.00,1632.05.00,8975,3861,88683,9,26.22.00,"{'ccp_alpha': 0.0, 'criterion': 'friedman_mse', 'init': None, 'learning_rate': 0.1, 'loss': 'log_loss', 'max_depth': 3, 'max_features': None, 'max_leaf_nodes': None, 'min_impurity_decrease': 0.0, 'min_samples_leaf': 1, 'min_samples_split': 2, 'min_weight_fraction_leaf': 0.0, 'n_estimators': 100, 'n_iter_no_change': None, 'random_state': 1, 'subsample': 1.0, 'tol': 0.0001, 'validation_fraction': 0.1, 'verbose': 0, 'warm_start': False}"
XGBoost rfe k:30,1601.37.00,1359.57.00,1166.42.00,1629.56.00,1632.03.00,8786,3765,88779,198,1.48,"{'objective': 'binary:logistic', 'base_score': None, 'booster': None, 'callbacks': None, 'colsample_bylevel': None, 'colsample_bynode': None, 'colsample_bytree': None, 'device': None, 'early_stopping_rounds': None, 'enable_categorical': False, 'eval_metric': None, 'feature_types': None, 'gamma': None, 'grow_policy': None, 'importance_type': None, 'interaction_constraints': None, 'learning_rate': None, 'max_bin': None, 'max_cat_threshold': None, 'max_cat_to_onehot': None, 'max_delta_step': None, 'max_depth': None, 'max_leaves': None, 'min_child_weight': None, 'missing': nan, 'monotone_constraints': None, 'multi_strategy': None, 'n_estimators': None, 'n_jobs': None, 'num_parallel_tree': None, 'random_state': 1, 'reg_alpha': None, 'reg_lambda': None, 'sampling_method': None, 'scale_pos_weight': None, 'subsample': None, 'tree_method': None, 'validate_parameters': None, 'verbosity': None}"
Logistic Regression rfe k:30,1519.02.00,444.38.00,831.03.00,303.30.00,1505.59.00,1636,1645,90899,7348,1.52,"{'C': 1.0, 'class_weight': None, 'dual': False, 'fit_intercept': True, 'intercept_scaling': 1, 'l1_ratio': None, 'max_iter': 100, 'multi_class': 'deprecated', 'n_jobs': None, 'penalty': 'l2', 'random_state': 1, 'solver': 'lbfgs', 'tol': 0.0001, 'verbose': 0, 'warm_start': False}"
Decision Tree rfe k:30,1581.01.00,1195.37.00,1164.27.00,1228.29.00,1593.04.00,6622,2856,89688,2362,1.16,"{'ccp_alpha': 0.0, 'class_weight': None, 'criterion': 'gini', 'max_depth': None, 'max_features': None, 'max_leaf_nodes': None, 'min_impurity_decrease': 0.0, 'min_samples_leaf': 1, 'min_samples_split': 2, 'min_weight_fraction_leaf': 0.0, 'monotonic_cst': None, 'random_state': 1, 'splitter': 'best'}"
Random Forest rfe k:30,1588.06.00,1257.54.00,1165.34.00,1366.08.00,1631.49.00,7364,3166,89378,1620,13.4,"{'bootstrap': True, 'ccp_alpha': 0.0, 'class_weight': None, 'criterion': 'gini', 'max_depth': None, 'max_features': 'sqrt', 'max_leaf_nodes': None, 'max_samples': None, 'min_impurity_decrease': 0.0, 'min_samples_leaf': 1, 'min_samples_split': 2, 'min_weight_fraction_leaf': 0.0, 'monotonic_cst': None, 'n_estimators': 100, 'n_jobs': None, 'oob_score': False, 'random_state': 1, 'verbose': 0, 'warm_start': False}"
Gradient Boosting Machines rfe k:30,1603.08.00,1371.04.00,1165.21.00,1665.00.00,1632.00.00,8975,3861,88683,9,29.42.00,"{'ccp_alpha': 0.0, 'criterion': 'friedman_mse', 'init': None, 'learning_rate': 0.1, 'loss': 'log_loss', 'max_depth': 3, 'max_features': None, 'max_leaf_nodes': None, 'min_impurity_decrease': 0.0, 'min_samples_leaf': 1, 'min_samples_split': 2, 'min_weight_fraction_leaf': 0.0, 'n_estimators': 100, 'n_iter_no_change': None, 'random_state': 1, 'subsample': 1.0, 'tol': 0.0001, 'validation_fraction': 0.1, 'verbose': 0, 'warm_start': False}"
XGBoost rfe k:30,1600.39.00,1353.33.00,1166.09.00,1612.41.00,1631.09.00,8693,3731,88813,291,2.07,"{'objective': 'binary:logistic', 'base_score': None, 'booster': None, 'callbacks': None, 'colsample_bylevel': None, 'colsample_bynode': None, 'colsample_bytree': None, 'device': None, 'early_stopping_rounds': None, 'enable_categorical': False, 'eval_metric': None, 'feature_types': None, 'gamma': None, 'grow_policy': None, 'importance_type': None, 'interaction_constraints': None, 'learning_rate': None, 'max_bin': None, 'max_cat_threshold': None, 'max_cat_to_onehot': None, 'max_delta_step': None, 'max_depth': None, 'max_leaves': None, 'min_child_weight': None, 'missing': nan, 'monotone_constraints': None, 'multi_strategy': None, 'n_estimators': None, 'n_jobs': None, 'num_parallel_tree': None, 'random_state': 1, 'reg_alpha': None, 'reg_lambda': None, 'sampling_method': None, 'scale_pos_weight': None, 'subsample': None, 'tree_method': None, 'validate_parameters': None, 'verbosity': None}"
Logistic Regression rfe k:30,1520.10.00,463.31.00,848.08.00,318.54.00,1529.47.00,1719,1659,90885,7265,1.34,"{'C': 1.0, 'class_weight': None, 'dual': False, 'fit_intercept': True, 'intercept_scaling': 1, 'l1_ratio': None, 'max_iter': 100, 'multi_class': 'deprecated', 'n_jobs': None, 'penalty': 'l2', 'random_state': 1, 'solver': 'lbfgs', 'tol': 0.0001, 'verbose': 0, 'warm_start': False}"
Decision Tree rfe k:30,1580.52.00,1194.31.00,1164.03.00,1226.38.00,1592.37.00,6612,2855,89689,2372,1.07,"{'ccp_alpha': 0.0, 'class_weight': None, 'criterion': 'gini', 'max_depth': None, 'max_features': None, 'max_leaf_nodes': None, 'min_impurity_decrease': 0.0, 'min_samples_leaf': 1, 'min_samples_split': 2, 'min_weight_fraction_leaf': 0.0, 'monotonic_cst': None, 'random_state': 1, 'splitter': 'best'}"
Random Forest rfe k:30,1588.12.00,1259.00.00,1165.09.00,1369.17.00,1631.38.00,7381,3177,89367,1603,12.3,"{'bootstrap': True, 'ccp_alpha': 0.0, 'class_weight': None, 'criterion': 'gini', 'max_depth': None, 'max_features': 'sqrt', 'max_leaf_nodes': None, 'max_samples': None, 'min_impurity_decrease': 0.0, 'min_samples_leaf': 1, 'min_samples_split': 2, 'min_weight_fraction_leaf': 0.0, 'monotonic_cst': None, 'n_estimators': 100, 'n_jobs': None, 'oob_score': False, 'random_state': 1, 'verbose': 0, 'warm_start': False}"
Gradient Boosting Machines rfe k:30,1603.08.00,1371.04.00,1165.21.00,1665.00.00,1632.03.00,8975,3861,88683,9,28.16.00,"{'ccp_alpha': 0.0, 'criterion': 'friedman_mse', 'init': None, 'learning_rate': 0.1, 'loss': 'log_loss', 'max_depth': 3, 'max_features': None, 'max_leaf_nodes': None, 'min_impurity_decrease': 0.0, 'min_samples_leaf': 1, 'min_samples_split': 2, 'min_weight_fraction_leaf': 0.0, 'n_estimators': 100, 'n_iter_no_change': None, 'random_state': 1, 'subsample': 1.0, 'tol': 0.0001, 'validation_fraction': 0.1, 'verbose': 0, 'warm_start': False}"
XGBoost rfe k:30,1600.41.00,1353.35.00,1166.30.00,1612.08.00,1631.39.00,8690,3726,88818,294,1.26,"{'objective': 'binary:logistic', 'base_score': None, 'booster': None, 'callbacks': None, 'colsample_bylevel': None, 'colsample_bynode': None, 'colsample_bytree': None, 'device': None, 'early_stopping_rounds': None, 'enable_categorical': False, 'eval_metric': None, 'feature_types': None, 'gamma': None, 'grow_policy': None, 'importance_type': None, 'interaction_constraints': None, 'learning_rate': None, 'max_bin': None, 'max_cat_threshold': None, 'max_cat_to_onehot': None, 'max_delta_step': None, 'max_depth': None, 'max_leaves': None, 'min_child_weight': None, 'missing': nan, 'monotone_constraints': None, 'multi_strategy': None, 'n_estimators': None, 'n_jobs': None, 'num_parallel_tree': None, 'random_state': 1, 'reg_alpha': None, 'reg_lambda': None, 'sampling_method': None, 'scale_pos_weight': None, 'subsample': None, 'tree_method': None, 'validate_parameters': None, 'verbosity': None}"
Logistic Regression rfe k:30,1519.30.00,460.02.00,837.59.00,317.03.00,1529.57.00,1709,1690,90854,7275,1.1,"{'C': 1.0, 'class_weight': None, 'dual': False, 'fit_intercept': True, 'intercept_scaling': 1, 'l1_ratio': None, 'max_iter': 100, 'multi_class': 'deprecated', 'n_jobs': None, 'penalty': 'l2', 'random_state': 1, 'solver': 'lbfgs', 'tol': 0.0001, 'verbose': 0, 'warm_start': False}"
Decision Tree rfe k:30,1581.09.00,1196.33.00,1165.04.00,1229.47.00,1592.43.00,6629,2854,89690,2355,1.04,"{'ccp_alpha': 0.0, 'class_weight': None, 'criterion': 'gini', 'max_depth': None, 'max_features': None, 'max_leaf_nodes': None, 'min_impurity_decrease': 0.0, 'min_samples_leaf': 1, 'min_samples_split': 2, 'min_weight_fraction_leaf': 0.0, 'monotonic_cst': None, 'random_state': 1, 'splitter': 'best'}"
Random Forest rfe k:30,1588.18.00,1259.13.00,1166.04.00,1368.33.00,1631.46.00,7377,3167,89377,1607,12.01,"{'bootstrap': True, 'ccp_alpha': 0.0, 'class_weight': None, 'criterion': 'gini', 'max_depth': None, 'max_features': 'sqrt', 'max_leaf_nodes': None, 'max_samples': None, 'min_impurity_decrease': 0.0, 'min_samples_leaf': 1, 'min_samples_split': 2, 'min_weight_fraction_leaf': 0.0, 'monotonic_cst': None, 'n_estimators': 100, 'n_jobs': None, 'oob_score': False, 'random_state': 1, 'verbose': 0, 'warm_start': False}"
Gradient Boosting Machines rfe k:30,1603.11.00,1371.22.00,1165.24.00,1665.44.00,1631.58.00,8979,3862,88682,5,26.22.00,"{'ccp_alpha': 0.0, 'criterion': 'friedman_mse', 'init': None, 'learning_rate': 0.1, 'loss': 'log_loss', 'max_depth': 3, 'max_features': None, 'max_leaf_nodes': None, 'min_impurity_decrease': 0.0, 'min_samples_leaf': 1, 'min_samples_split': 2, 'min_weight_fraction_leaf': 0.0, 'n_estimators': 100, 'n_iter_no_change': None, 'random_state': 1, 'subsample': 1.0, 'tol': 0.0001, 'validation_fraction': 0.1, 'verbose': 0, 'warm_start': False}"
XGBoost rfe k:30,1601.04.00,1356.35.00,1166.02.00,1621.35.00,1631.44.00,8741,3753,88791,243,1.33,"{'objective': 'binary:logistic', 'base_score': None, 'booster': None, 'callbacks': None, 'colsample_bylevel': None, 'colsample_bynode': None, 'colsample_bytree': None, 'device': None, 'early_stopping_rounds': None, 'enable_categorical': False, 'eval_metric': None, 'feature_types': None, 'gamma': None, 'grow_policy': None, 'importance_type': None, 'interaction_constraints': None, 'learning_rate': None, 'max_bin': None, 'max_cat_threshold': None, 'max_cat_to_onehot': None, 'max_delta_step': None, 'max_depth': None, 'max_leaves': None, 'min_child_weight': None, 'missing': nan, 'monotone_constraints': None, 'multi_strategy': None, 'n_estimators': None, 'n_jobs': None, 'num_parallel_tree': None, 'random_state': 1, 'reg_alpha': None, 'reg_lambda': None, 'sampling_method': None, 'scale_pos_weight': None, 'subsample': None, 'tree_method': None, 'validate_parameters': None, 'verbosity': None}"
Logistic Regression rfe k:30,1518.38.00,439.44.00,824.39.00,299.48.00,1505.31.00,1616,1650,90894,7368,1.41,"{'C': 1.0, 'class_weight': None, 'dual': False, 'fit_intercept': True, 'intercept_scaling': 1, 'l1_ratio': None, 'max_iter': 100, 'multi_class': 'deprecated', 'n_jobs': None, 'penalty': 'l2', 'random_state': 1, 'solver': 'lbfgs', 'tol': 0.0001, 'verbose': 0, 'warm_start': False}"
Decision Tree rfe k:30,1581.08.00,1196.50.00,1164.27.00,1231.05.00,1593.05.00,6636,2862,89682,2348,1.07,"{'ccp_alpha': 0.0, 'class_weight': None, 'criterion': 'gini', 'max_depth': None, 'max_features': None, 'max_leaf_nodes': None, 'min_impurity_decrease': 0.0, 'min_samples_leaf': 1, 'min_samples_split': 2, 'min_weight_fraction_leaf': 0.0, 'monotonic_cst': None, 'random_state': 1, 'splitter': 'best'}"
Random Forest rfe k:30,1588.28.00,1260.39.00,1165.58.00,1372.04.00,1631.40.00,7396,3176,89368,1588,12.46,"{'bootstrap': True, 'ccp_alpha': 0.0, 'class_weight': None, 'criterion': 'gini', 'max_depth': None, 'max_features': 'sqrt', 'max_leaf_nodes': None, 'max_samples': None, 'min_impurity_decrease': 0.0, 'min_samples_leaf': 1, 'min_samples_split': 2, 'min_weight_fraction_leaf': 0.0, 'monotonic_cst': None, 'n_estimators': 100, 'n_jobs': None, 'oob_score': False, 'random_state': 1, 'verbose': 0, 'warm_start': False}"
Gradient Boosting Machines rfe k:30,1603.08.00,1371.04.00,1165.21.00,1665.00.00,1632.00.00,8975,3861,88683,9,27.21.00,"{'ccp_alpha': 0.0, 'criterion': 'friedman_mse', 'init': None, 'learning_rate': 0.1, 'loss': 'log_loss', 'max_depth': 3, 'max_features': None, 'max_leaf_nodes': None, 'min_impurity_decrease': 0.0, 'min_samples_leaf': 1, 'min_samples_split': 2, 'min_weight_fraction_leaf': 0.0, 'n_estimators': 100, 'n_iter_no_change': None, 'random_state': 1, 'subsample': 1.0, 'tol': 0.0001, 'validation_fraction': 0.1, 'verbose': 0, 'warm_start': False}"
XGBoost rfe k:30,1600.29.00,1352.55.00,1165.13.00,1612.41.00,1631.45.00,8693,3741,88803,291,1.27,"{'objective': 'binary:logistic', 'base_score': None, 'booster': None, 'callbacks': None, 'colsample_bylevel': None, 'colsample_bynode': None, 'colsample_bytree': None, 'device': None, 'early_stopping_rounds': None, 'enable_categorical': False, 'eval_metric': None, 'feature_types': None, 'gamma': None, 'grow_policy': None, 'importance_type': None, 'interaction_constraints': None, 'learning_rate': None, 'max_bin': None, 'max_cat_threshold': None, 'max_cat_to_onehot': None, 'max_delta_step': None, 'max_depth': None, 'max_leaves': None, 'min_child_weight': None, 'missing': nan, 'monotone_constraints': None, 'multi_strategy': None, 'n_estimators': None, 'n_jobs': None, 'num_parallel_tree': None, 'random_state': 1, 'reg_alpha': None, 'reg_lambda': None, 'sampling_method': None, 'scale_pos_weight': None, 'subsample': None, 'tree_method': None, 'validate_parameters': None, 'verbosity': None}"
Logistic Regression rfe k:35,1520.14.00,467.33.00,848.57.00,322.37.00,1530.27.00,1739,1675,90869,7245,1.19,"{'C': 1.0, 'class_weight': None, 'dual': False, 'fit_intercept': True, 'intercept_scaling': 1, 'l1_ratio': None, 'max_iter': 100, 'multi_class': 'deprecated', 'n_jobs': None, 'penalty': 'l2', 'random_state': 1, 'solver': 'lbfgs', 'tol': 0.0001, 'verbose': 0, 'warm_start': False}"
Decision Tree rfe k:35,1580.59.00,1194.55.00,1164.58.00,1226.26.00,1593.17.00,6611,2847,89697,2373,0.7,"{'ccp_alpha': 0.0, 'class_weight': None, 'criterion': 'gini', 'max_depth': None, 'max_features': None, 'max_leaf_nodes': None, 'min_impurity_decrease': 0.0, 'min_samples_leaf': 1, 'min_samples_split': 2, 'min_weight_fraction_leaf': 0.0, 'monotonic_cst': None, 'random_state': 1, 'splitter': 'best'}"
Random Forest rfe k:35,1587.51.00,1256.51.00,1164.02.00,1365.46.00,1631.51.00,7362,3179,89365,1622,13.04,"{'bootstrap': True, 'ccp_alpha': 0.0, 'class_weight': None, 'criterion': 'gini', 'max_depth': None, 'max_features': 'sqrt', 'max_leaf_nodes': None, 'max_samples': None, 'min_impurity_decrease': 0.0, 'min_samples_leaf': 1, 'min_samples_split': 2, 'min_weight_fraction_leaf': 0.0, 'monotonic_cst': None, 'n_estimators': 100, 'n_jobs': None, 'oob_score': False, 'random_state': 1, 'verbose': 0, 'warm_start': False}"
Gradient Boosting Machines rfe k:35,1603.09.00,1371.06.00,1165.29.00,1664.49.00,1632.01.00,8974,3859,88685,10,28.04.00,"{'ccp_alpha': 0.0, 'criterion': 'friedman_mse', 'init': None, 'learning_rate': 0.1, 'loss': 'log_loss', 'max_depth': 3, 'max_features': None, 'max_leaf_nodes': None, 'min_impurity_decrease': 0.0, 'min_samples_leaf': 1, 'min_samples_split': 2, 'min_weight_fraction_leaf': 0.0, 'n_estimators': 100, 'n_iter_no_change': None, 'random_state': 1, 'subsample': 1.0, 'tol': 0.0001, 'validation_fraction': 0.1, 'verbose': 0, 'warm_start': False}"
XGBoost rfe k:35,1601.15.00,1357.44.00,1166.12.00,1624.33.00,1631.50.00,8757,3758,88786,227,1.32,"{'objective': 'binary:logistic', 'base_score': None, 'booster': None, 'callbacks': None, 'colsample_bylevel': None, 'colsample_bynode': None, 'colsample_bytree': None, 'device': None, 'early_stopping_rounds': None, 'enable_categorical': False, 'eval_metric': None, 'feature_types': None, 'gamma': None, 'grow_policy': None, 'importance_type': None, 'interaction_constraints': None, 'learning_rate': None, 'max_bin': None, 'max_cat_threshold': None, 'max_cat_to_onehot': None, 'max_delta_step': None, 'max_depth': None, 'max_leaves': None, 'min_child_weight': None, 'missing': nan, 'monotone_constraints': None, 'multi_strategy': None, 'n_estimators': None, 'n_jobs': None, 'num_parallel_tree': None, 'random_state': 1, 'reg_alpha': None, 'reg_lambda': None, 'sampling_method': None, 'scale_pos_weight': None, 'subsample': None, 'tree_method': None, 'validate_parameters': None, 'verbosity': None}"
Logistic Regression rfe k:35,1518.38.00,441.20.00,824.42.00,301.17.00,1506.08.00,1624,1658,90886,7360,2.31,"{'C': 1.0, 'class_weight': None, 'dual': False, 'fit_intercept': True, 'intercept_scaling': 1, 'l1_ratio': None, 'max_iter': 100, 'multi_class': 'deprecated', 'n_jobs': None, 'penalty': 'l2', 'random_state': 1, 'solver': 'lbfgs', 'tol': 0.0001, 'verbose': 0, 'warm_start': False}"
Decision Tree rfe k:35,1581.03.00,1196.10.00,1164.20.00,1229.47.00,1593.00.00,6629,2860,89684,2355,1.11,"{'ccp_alpha': 0.0, 'class_weight': None, 'criterion': 'gini', 'max_depth': None, 'max_features': None, 'max_leaf_nodes': None, 'min_impurity_decrease': 0.0, 'min_samples_leaf': 1, 'min_samples_split': 2, 'min_weight_fraction_leaf': 0.0, 'monotonic_cst': None, 'random_state': 1, 'splitter': 'best'}"
Random Forest rfe k:35,1588.18.00,1259.08.00,1166.12.00,1368.10.00,1631.26.00,7375,3165,89379,1609,13.47,"{'bootstrap': True, 'ccp_alpha': 0.0, 'class_weight': None, 'criterion': 'gini', 'max_depth': None, 'max_features': 'sqrt', 'max_leaf_nodes': None, 'max_samples': None, 'min_impurity_decrease': 0.0, 'min_samples_leaf': 1, 'min_samples_split': 2, 'min_weight_fraction_leaf': 0.0, 'monotonic_cst': None, 'n_estimators': 100, 'n_jobs': None, 'oob_score': False, 'random_state': 1, 'verbose': 0, 'warm_start': False}"
Gradient Boosting Machines rfe k:35,1603.08.00,1371.04.00,1165.21.00,1665.00.00,1632.02.00,8975,3861,88683,9,29.46.00,"{'ccp_alpha': 0.0, 'criterion': 'friedman_mse', 'init': None, 'learning_rate': 0.1, 'loss': 'log_loss', 'max_depth': 3, 'max_features': None, 'max_leaf_nodes': None, 'min_impurity_decrease': 0.0, 'min_samples_leaf': 1, 'min_samples_split': 2, 'min_weight_fraction_leaf': 0.0, 'n_estimators': 100, 'n_iter_no_change': None, 'random_state': 1, 'subsample': 1.0, 'tol': 0.0001, 'validation_fraction': 0.1, 'verbose': 0, 'warm_start': False}"
XGBoost rfe k:35,1600.41.00,1353.44.00,1166.14.00,1613.03.00,1631.33.00,8695,3731,88813,289,1.32,"{'objective': 'binary:logistic', 'base_score': None, 'booster': None, 'callbacks': None, 'colsample_bylevel': None, 'colsample_bynode': None, 'colsample_bytree': None, 'device': None, 'early_stopping_rounds': None, 'enable_categorical': False, 'eval_metric': None, 'feature_types': None, 'gamma': None, 'grow_policy': None, 'importance_type': None, 'interaction_constraints': None, 'learning_rate': None, 'max_bin': None, 'max_cat_threshold': None, 'max_cat_to_onehot': None, 'max_delta_step': None, 'max_depth': None, 'max_leaves': None, 'min_child_weight': None, 'missing': nan, 'monotone_constraints': None, 'multi_strategy': None, 'n_estimators': None, 'n_jobs': None, 'num_parallel_tree': None, 'random_state': 1, 'reg_alpha': None, 'reg_lambda': None, 'sampling_method': None, 'scale_pos_weight': None, 'subsample': None, 'tree_method': None, 'validate_parameters': None, 'verbosity': None}"
Logistic Regression rfe k:35,1519.58.00,460.53.00,844.58.00,316.52.00,1530.16.00,1708,1661,90883,7276,1.52,"{'C': 1.0, 'class_weight': None, 'dual': False, 'fit_intercept': True, 'intercept_scaling': 1, 'l1_ratio': None, 'max_iter': 100, 'multi_class': 'deprecated', 'n_jobs': None, 'penalty': 'l2', 'random_state': 1, 'solver': 'lbfgs', 'tol': 0.0001, 'verbose': 0, 'warm_start': False}"
Decision Tree rfe k:35,1581.09.00,1196.15.00,1165.29.00,1228.40.00,1592.55.00,6623,2848,89696,2361,1.33,"{'ccp_alpha': 0.0, 'class_weight': None, 'criterion': 'gini', 'max_depth': None, 'max_features': None, 'max_leaf_nodes': None, 'min_impurity_decrease': 0.0, 'min_samples_leaf': 1, 'min_samples_split': 2, 'min_weight_fraction_leaf': 0.0, 'monotonic_cst': None, 'random_state': 1, 'splitter': 'best'}"
Random Forest rfe k:35,1588.01.00,1257.02.00,1165.50.00,1363.43.00,1631.50.00,7351,3158,89386,1633,15.27,"{'bootstrap': True, 'ccp_alpha': 0.0, 'class_weight': None, 'criterion': 'gini', 'max_depth': None, 'max_features': 'sqrt', 'max_leaf_nodes': None, 'max_samples': None, 'min_impurity_decrease': 0.0, 'min_samples_leaf': 1, 'min_samples_split': 2, 'min_weight_fraction_leaf': 0.0, 'monotonic_cst': None, 'n_estimators': 100, 'n_jobs': None, 'oob_score': False, 'random_state': 1, 'verbose': 0, 'warm_start': False}"
Gradient Boosting Machines rfe k:35,1603.07.00,1371.00.00,1165.15.00,1665.00.00,1631.54.00,8975,3862,88682,9,32.45.00,"{'ccp_alpha': 0.0, 'criterion': 'friedman_mse', 'init': None, 'learning_rate': 0.1, 'loss': 'log_loss', 'max_depth': 3, 'max_features': None, 'max_leaf_nodes': None, 'min_impurity_decrease': 0.0, 'min_samples_leaf': 1, 'min_samples_split': 2, 'min_weight_fraction_leaf': 0.0, 'n_estimators': 100, 'n_iter_no_change': None, 'random_state': 1, 'subsample': 1.0, 'tol': 0.0001, 'validation_fraction': 0.1, 'verbose': 0, 'warm_start': False}"
XGBoost rfe k:35,1600.26.00,1352.40.00,1165.03.00,1612.19.00,1631.41.00,8691,3742,88802,293,1.38,"{'objective': 'binary:logistic', 'base_score': None, 'booster': None, 'callbacks': None, 'colsample_bylevel': None, 'colsample_bynode': None, 'colsample_bytree': None, 'device': None, 'early_stopping_rounds': None, 'enable_categorical': False, 'eval_metric': None, 'feature_types': None, 'gamma': None, 'grow_policy': None, 'importance_type': None, 'interaction_constraints': None, 'learning_rate': None, 'max_bin': None, 'max_cat_threshold': None, 'max_cat_to_onehot': None, 'max_delta_step': None, 'max_depth': None, 'max_leaves': None, 'min_child_weight': None, 'missing': nan, 'monotone_constraints': None, 'multi_strategy': None, 'n_estimators': None, 'n_jobs': None, 'num_parallel_tree': None, 'random_state': 1, 'reg_alpha': None, 'reg_lambda': None, 'sampling_method': None, 'scale_pos_weight': None, 'subsample': None, 'tree_method': None, 'validate_parameters': None, 'verbosity': None}"
Logistic Regression rfe k:35,1519.39.00,461.44.00,840.11.00,318.21.00,1530.06.00,1716,1688,90856,7268,1.25,"{'C': 1.0, 'class_weight': None, 'dual': False, 'fit_intercept': True, 'intercept_scaling': 1, 'l1_ratio': None, 'max_iter': 100, 'multi_class': 'deprecated', 'n_jobs': None, 'penalty': 'l2', 'random_state': 1, 'solver': 'lbfgs', 'tol': 0.0001, 'verbose': 0, 'warm_start': False}"
Decision Tree rfe k:35,1581.03.00,1196.03.00,1164.28.00,1229.24.00,1592.43.00,6627,2858,89686,2357,1.08,"{'ccp_alpha': 0.0, 'class_weight': None, 'criterion': 'gini', 'max_depth': None, 'max_features': None, 'max_leaf_nodes': None, 'min_impurity_decrease': 0.0, 'min_samples_leaf': 1, 'min_samples_split': 2, 'min_weight_fraction_leaf': 0.0, 'monotonic_cst': None, 'random_state': 1, 'splitter': 'best'}"
Random Forest rfe k:35,1587.50.00,1256.52.00,1163.47.00,1366.08.00,1631.49.00,7364,3182,89362,1620,12.9,"{'bootstrap': True, 'ccp_alpha': 0.0, 'class_weight': None, 'criterion': 'gini', 'max_depth': None, 'max_features': 'sqrt', 'max_leaf_nodes': None, 'max_samples': None, 'min_impurity_decrease': 0.0, 'min_samples_leaf': 1, 'min_samples_split': 2, 'min_weight_fraction_leaf': 0.0, 'monotonic_cst': None, 'n_estimators': 100, 'n_jobs': None, 'oob_score': False, 'random_state': 1, 'verbose': 0, 'warm_start': False}"
Gradient Boosting Machines rfe k:35,1603.11.00,1371.22.00,1165.24.00,1665.44.00,1631.58.00,8979,3862,88682,5,28.19.00,"{'ccp_alpha': 0.0, 'criterion': 'friedman_mse', 'init': None, 'learning_rate': 0.1, 'loss': 'log_loss', 'max_depth': 3, 'max_features': None, 'max_leaf_nodes': None, 'min_impurity_decrease': 0.0, 'min_samples_leaf': 1, 'min_samples_split': 2, 'min_weight_fraction_leaf': 0.0, 'n_estimators': 100, 'n_iter_no_change': None, 'random_state': 1, 'subsample': 1.0, 'tol': 0.0001, 'validation_fraction': 0.1, 'verbose': 0, 'warm_start': False}"
XGBoost rfe k:35,1601.20.00,1357.41.00,1167.22.00,1622.09.00,1631.33.00,8744,3740,88804,240,1.35,"{'objective': 'binary:logistic', 'base_score': None, 'booster': None, 'callbacks': None, 'colsample_bylevel': None, 'colsample_bynode': None, 'colsample_bytree': None, 'device': None, 'early_stopping_rounds': None, 'enable_categorical': False, 'eval_metric': None, 'feature_types': None, 'gamma': None, 'grow_policy': None, 'importance_type': None, 'interaction_constraints': None, 'learning_rate': None, 'max_bin': None, 'max_cat_threshold': None, 'max_cat_to_onehot': None, 'max_delta_step': None, 'max_depth': None, 'max_leaves': None, 'min_child_weight': None, 'missing': nan, 'monotone_constraints': None, 'multi_strategy': None, 'n_estimators': None, 'n_jobs': None, 'num_parallel_tree': None, 'random_state': 1, 'reg_alpha': None, 'reg_lambda': None, 'sampling_method': None, 'scale_pos_weight': None, 'subsample': None, 'tree_method': None, 'validate_parameters': None, 'verbosity': None}"
Logistic Regression rfe k:35,1518.34.00,439.47.00,823.39.00,299.59.00,1505.43.00,1617,1655,90889,7367,2.24,"{'C': 1.0, 'class_weight': None, 'dual': False, 'fit_intercept': True, 'intercept_scaling': 1, 'l1_ratio': None, 'max_iter': 100, 'multi_class': 'deprecated', 'n_jobs': None, 'penalty': 'l2', 'random_state': 1, 'solver': 'lbfgs', 'tol': 0.0001, 'verbose': 0, 'warm_start': False}"
Decision Tree rfe k:35,1581.01.00,1195.52.00,1164.06.00,1229.24.00,1593.32.00,6627,2861,89683,2357,1.12,"{'ccp_alpha': 0.0, 'class_weight': None, 'criterion': 'gini', 'max_depth': None, 'max_features': None, 'max_leaf_nodes': None, 'min_impurity_decrease': 0.0, 'min_samples_leaf': 1, 'min_samples_split': 2, 'min_weight_fraction_leaf': 0.0, 'monotonic_cst': None, 'random_state': 1, 'splitter': 'best'}"
Random Forest rfe k:35,1588.04.00,1257.44.00,1165.24.00,1365.57.00,1631.39.00,7363,3167,89377,1621,15.32,"{'bootstrap': True, 'ccp_alpha': 0.0, 'class_weight': None, 'criterion': 'gini', 'max_depth': None, 'max_features': 'sqrt', 'max_leaf_nodes': None, 'max_samples': None, 'min_impurity_decrease': 0.0, 'min_samples_leaf': 1, 'min_samples_split': 2, 'min_weight_fraction_leaf': 0.0, 'monotonic_cst': None, 'n_estimators': 100, 'n_jobs': None, 'oob_score': False, 'random_state': 1, 'verbose': 0, 'warm_start': False}"
Gradient Boosting Machines rfe k:35,1603.08.00,1371.04.00,1165.21.00,1665.00.00,1632.02.00,8975,3861,88683,9,30.47.00,"{'ccp_alpha': 0.0, 'criterion': 'friedman_mse', 'init': None, 'learning_rate': 0.1, 'loss': 'log_loss', 'max_depth': 3, 'max_features': None, 'max_leaf_nodes': None, 'min_impurity_decrease': 0.0, 'min_samples_leaf': 1, 'min_samples_split': 2, 'min_weight_fraction_leaf': 0.0, 'n_estimators': 100, 'n_iter_no_change': None, 'random_state': 1, 'subsample': 1.0, 'tol': 0.0001, 'validation_fraction': 0.1, 'verbose': 0, 'warm_start': False}"
XGBoost rfe k:35,1600.50.00,1355.18.00,1165.28.00,1618.59.00,1631.30.00,8727,3753,88791,257,1.6,"{'objective': 'binary:logistic', 'base_score': None, 'booster': None, 'callbacks': None, 'colsample_bylevel': None, 'colsample_bynode': None, 'colsample_bytree': None, 'device': None, 'early_stopping_rounds': None, 'enable_categorical': False, 'eval_metric': None, 'feature_types': None, 'gamma': None, 'grow_policy': None, 'importance_type': None, 'interaction_constraints': None, 'learning_rate': None, 'max_bin': None, 'max_cat_threshold': None, 'max_cat_to_onehot': None, 'max_delta_step': None, 'max_depth': None, 'max_leaves': None, 'min_child_weight': None, 'missing': nan, 'monotone_constraints': None, 'multi_strategy': None, 'n_estimators': None, 'n_jobs': None, 'num_parallel_tree': None, 'random_state': 1, 'reg_alpha': None, 'reg_lambda': None, 'sampling_method': None, 'scale_pos_weight': None, 'subsample': None, 'tree_method': None, 'validate_parameters': None, 'verbosity': None}"
Logistic Regression rfe k:40,1520.05.00,464.30.00,846.50.00,320.01.00,1530.25.00,1725,1670,90874,7259,1.29,"{'C': 1.0, 'class_weight': None, 'dual': False, 'fit_intercept': True, 'intercept_scaling': 1, 'l1_ratio': None, 'max_iter': 100, 'multi_class': 'deprecated', 'n_jobs': None, 'penalty': 'l2', 'random_state': 1, 'solver': 'lbfgs', 'tol': 0.0001, 'verbose': 0, 'warm_start': False}"
Decision Tree rfe k:40,1580.57.00,1194.50.00,1164.40.00,1226.38.00,1592.27.00,6612,2850,89694,2372,0.8,"{'ccp_alpha': 0.0, 'class_weight': None, 'criterion': 'gini', 'max_depth': None, 'max_features': None, 'max_leaf_nodes': None, 'min_impurity_decrease': 0.0, 'min_samples_leaf': 1, 'min_samples_split': 2, 'min_weight_fraction_leaf': 0.0, 'monotonic_cst': None, 'random_state': 1, 'splitter': 'best'}"
Random Forest rfe k:40,1588.05.00,1257.58.00,1165.16.00,1366.41.00,1631.51.00,7367,3170,89374,1617,14.23,"{'bootstrap': True, 'ccp_alpha': 0.0, 'class_weight': None, 'criterion': 'gini', 'max_depth': None, 'max_features': 'sqrt', 'max_leaf_nodes': None, 'max_samples': None, 'min_impurity_decrease': 0.0, 'min_samples_leaf': 1, 'min_samples_split': 2, 'min_weight_fraction_leaf': 0.0, 'monotonic_cst': None, 'n_estimators': 100, 'n_jobs': None, 'oob_score': False, 'random_state': 1, 'verbose': 0, 'warm_start': False}"
Gradient Boosting Machines rfe k:40,1603.08.00,1371.04.00,1165.21.00,1665.00.00,1632.03.00,8975,3861,88683,9,31.05.00,"{'ccp_alpha': 0.0, 'criterion': 'friedman_mse', 'init': None, 'learning_rate': 0.1, 'loss': 'log_loss', 'max_depth': 3, 'max_features': None, 'max_leaf_nodes': None, 'min_impurity_decrease': 0.0, 'min_samples_leaf': 1, 'min_samples_split': 2, 'min_weight_fraction_leaf': 0.0, 'n_estimators': 100, 'n_iter_no_change': None, 'random_state': 1, 'subsample': 1.0, 'tol': 0.0001, 'validation_fraction': 0.1, 'verbose': 0, 'warm_start': False}"
XGBoost rfe k:40,1600.47.00,1354.26.00,1166.25.00,1614.43.00,1631.48.00,8704,3733,88811,280,1.41,"{'objective': 'binary:logistic', 'base_score': None, 'booster': None, 'callbacks': None, 'colsample_bylevel': None, 'colsample_bynode': None, 'colsample_bytree': None, 'device': None, 'early_stopping_rounds': None, 'enable_categorical': False, 'eval_metric': None, 'feature_types': None, 'gamma': None, 'grow_policy': None, 'importance_type': None, 'interaction_constraints': None, 'learning_rate': None, 'max_bin': None, 'max_cat_threshold': None, 'max_cat_to_onehot': None, 'max_delta_step': None, 'max_depth': None, 'max_leaves': None, 'min_child_weight': None, 'missing': nan, 'monotone_constraints': None, 'multi_strategy': None, 'n_estimators': None, 'n_jobs': None, 'num_parallel_tree': None, 'random_state': 1, 'reg_alpha': None, 'reg_lambda': None, 'sampling_method': None, 'scale_pos_weight': None, 'subsample': None, 'tree_method': None, 'validate_parameters': None, 'verbosity': None}"
Logistic Regression rfe k:40,1518.59.00,444.19.00,830.17.00,303.19.00,1507.14.00,1635,1647,90897,7349,2.22,"{'C': 1.0, 'class_weight': None, 'dual': False, 'fit_intercept': True, 'intercept_scaling': 1, 'l1_ratio': None, 'max_iter': 100, 'multi_class': 'deprecated', 'n_jobs': None, 'penalty': 'l2', 'random_state': 1, 'solver': 'lbfgs', 'tol': 0.0001, 'verbose': 0, 'warm_start': False}"
Decision Tree rfe k:40,1580.59.00,1195.20.00,1164.25.00,1227.55.00,1593.24.00,6619,2855,89689,2365,1.16,"{'ccp_alpha': 0.0, 'class_weight': None, 'criterion': 'gini', 'max_depth': None, 'max_features': None, 'max_leaf_nodes': None, 'min_impurity_decrease': 0.0, 'min_samples_leaf': 1, 'min_samples_split': 2, 'min_weight_fraction_leaf': 0.0, 'monotonic_cst': None, 'random_state': 1, 'splitter': 'best'}"
Random Forest rfe k:40,1587.49.00,1256.16.00,1164.30.00,1363.43.00,1631.42.00,7351,3170,89374,1633,14.38,"{'bootstrap': True, 'ccp_alpha': 0.0, 'class_weight': None, 'criterion': 'gini', 'max_depth': None, 'max_features': 'sqrt', 'max_leaf_nodes': None, 'max_samples': None, 'min_impurity_decrease': 0.0, 'min_samples_leaf': 1, 'min_samples_split': 2, 'min_weight_fraction_leaf': 0.0, 'monotonic_cst': None, 'n_estimators': 100, 'n_jobs': None, 'oob_score': False, 'random_state': 1, 'verbose': 0, 'warm_start': False}"
Gradient Boosting Machines rfe k:40,1603.07.00,1371.00.00,1165.15.00,1665.00.00,1631.55.00,8975,3862,88682,9,30.7,"{'ccp_alpha': 0.0, 'criterion': 'friedman_mse', 'init': None, 'learning_rate': 0.1, 'loss': 'log_loss', 'max_depth': 3, 'max_features': None, 'max_leaf_nodes': None, 'min_impurity_decrease': 0.0, 'min_samples_leaf': 1, 'min_samples_split': 2, 'min_weight_fraction_leaf': 0.0, 'n_estimators': 100, 'n_iter_no_change': None, 'random_state': 1, 'subsample': 1.0, 'tol': 0.0001, 'validation_fraction': 0.1, 'verbose': 0, 'warm_start': False}"
XGBoost rfe k:40,1601.05.00,1356.21.00,1166.39.00,1619.44.00,1631.42.00,8731,3742,88802,253,1.46,"{'objective': 'binary:logistic', 'base_score': None, 'booster': None, 'callbacks': None, 'colsample_bylevel': None, 'colsample_bynode': None, 'colsample_bytree': None, 'device': None, 'early_stopping_rounds': None, 'enable_categorical': False, 'eval_metric': None, 'feature_types': None, 'gamma': None, 'grow_policy': None, 'importance_type': None, 'interaction_constraints': None, 'learning_rate': None, 'max_bin': None, 'max_cat_threshold': None, 'max_cat_to_onehot': None, 'max_delta_step': None, 'max_depth': None, 'max_leaves': None, 'min_child_weight': None, 'missing': nan, 'monotone_constraints': None, 'multi_strategy': None, 'n_estimators': None, 'n_jobs': None, 'num_parallel_tree': None, 'random_state': 1, 'reg_alpha': None, 'reg_lambda': None, 'sampling_method': None, 'scale_pos_weight': None, 'subsample': None, 'tree_method': None, 'validate_parameters': None, 'verbosity': None}"
Logistic Regression rfe k:40,1520.05.00,463.08.00,846.53.00,318.43.00,1530.14.00,1718,1663,90881,7266,1.12,"{'C': 1.0, 'class_weight': None, 'dual': False, 'fit_intercept': True, 'intercept_scaling': 1, 'l1_ratio': None, 'max_iter': 100, 'multi_class': 'deprecated', 'n_jobs': None, 'penalty': 'l2', 'random_state': 1, 'solver': 'lbfgs', 'tol': 0.0001, 'verbose': 0, 'warm_start': False}"
Decision Tree rfe k:40,1580.58.00,1195.10.00,1164.26.00,1227.33.00,1593.06.00,6617,2854,89690,2367,1.15,"{'ccp_alpha': 0.0, 'class_weight': None, 'criterion': 'gini', 'max_depth': None, 'max_features': None, 'max_leaf_nodes': None, 'min_impurity_decrease': 0.0, 'min_samples_leaf': 1, 'min_samples_split': 2, 'min_weight_fraction_leaf': 0.0, 'monotonic_cst': None, 'random_state': 1, 'splitter': 'best'}"
Random Forest rfe k:40,1588.07.00,1258.15.00,1165.14.00,1367.26.00,1631.33.00,7371,3172,89372,1613,14.18,"{'bootstrap': True, 'ccp_alpha': 0.0, 'class_weight': None, 'criterion': 'gini', 'max_depth': None, 'max_features': 'sqrt', 'max_leaf_nodes': None, 'max_samples': None, 'min_impurity_decrease': 0.0, 'min_samples_leaf': 1, 'min_samples_split': 2, 'min_weight_fraction_leaf': 0.0, 'monotonic_cst': None, 'n_estimators': 100, 'n_jobs': None, 'oob_score': False, 'random_state': 1, 'verbose': 0, 'warm_start': False}"
Gradient Boosting Machines rfe k:40,1603.07.00,1371.00.00,1165.15.00,1665.00.00,1632.00.00,8975,3862,88682,9,31.05.00,"{'ccp_alpha': 0.0, 'criterion': 'friedman_mse', 'init': None, 'learning_rate': 0.1, 'loss': 'log_loss', 'max_depth': 3, 'max_features': None, 'max_leaf_nodes': None, 'min_impurity_decrease': 0.0, 'min_samples_leaf': 1, 'min_samples_split': 2, 'min_weight_fraction_leaf': 0.0, 'n_estimators': 100, 'n_iter_no_change': None, 'random_state': 1, 'subsample': 1.0, 'tol': 0.0001, 'validation_fraction': 0.1, 'verbose': 0, 'warm_start': False}"
XGBoost rfe k:40,1600.56.00,1355.02.00,1167.12.00,1614.54.00,1631.42.00,8705,3725,88819,279,1.44,"{'objective': 'binary:logistic', 'base_score': None, 'booster': None, 'callbacks': None, 'colsample_bylevel': None, 'colsample_bynode': None, 'colsample_bytree': None, 'device': None, 'early_stopping_rounds': None, 'enable_categorical': False, 'eval_metric': None, 'feature_types': None, 'gamma': None, 'grow_policy': None, 'importance_type': None, 'interaction_constraints': None, 'learning_rate': None, 'max_bin': None, 'max_cat_threshold': None, 'max_cat_to_onehot': None, 'max_delta_step': None, 'max_depth': None, 'max_leaves': None, 'min_child_weight': None, 'missing': nan, 'monotone_constraints': None, 'multi_strategy': None, 'n_estimators': None, 'n_jobs': None, 'num_parallel_tree': None, 'random_state': 1, 'reg_alpha': None, 'reg_lambda': None, 'sampling_method': None, 'scale_pos_weight': None, 'subsample': None, 'tree_method': None, 'validate_parameters': None, 'verbosity': None}"
Logistic Regression rfe k:40,1520.21.00,468.00.00,850.41.00,322.48.00,1530.30.00,1740,1669,90875,7244,1.38,"{'C': 1.0, 'class_weight': None, 'dual': False, 'fit_intercept': True, 'intercept_scaling': 1, 'l1_ratio': None, 'max_iter': 100, 'multi_class': 'deprecated', 'n_jobs': None, 'penalty': 'l2', 'random_state': 1, 'solver': 'lbfgs', 'tol': 0.0001, 'verbose': 0, 'warm_start': False}"
Decision Tree rfe k:40,1580.47.00,1194.15.00,1163.22.00,1226.49.00,1592.45.00,6613,2861,89683,2371,1.14,"{'ccp_alpha': 0.0, 'class_weight': None, 'criterion': 'gini', 'max_depth': None, 'max_features': None, 'max_leaf_nodes': None, 'min_impurity_decrease': 0.0, 'min_samples_leaf': 1, 'min_samples_split': 2, 'min_weight_fraction_leaf': 0.0, 'monotonic_cst': None, 'random_state': 1, 'splitter': 'best'}"
Random Forest rfe k:40,1588.17.00,1259.27.00,1165.31.00,1369.51.00,1631.54.00,7384,3175,89369,1600,13.43,"{'bootstrap': True, 'ccp_alpha': 0.0, 'class_weight': None, 'criterion': 'gini', 'max_depth': None, 'max_features': 'sqrt', 'max_leaf_nodes': None, 'max_samples': None, 'min_impurity_decrease': 0.0, 'min_samples_leaf': 1, 'min_samples_split': 2, 'min_weight_fraction_leaf': 0.0, 'monotonic_cst': None, 'n_estimators': 100, 'n_jobs': None, 'oob_score': False, 'random_state': 1, 'verbose': 0, 'warm_start': False}"
Gradient Boosting Machines rfe k:40,1603.11.00,1371.22.00,1165.24.00,1665.44.00,1631.58.00,8979,3862,88682,5,29.9,"{'ccp_alpha': 0.0, 'criterion': 'friedman_mse', 'init': None, 'learning_rate': 0.1, 'loss': 'log_loss', 'max_depth': 3, 'max_features': None, 'max_leaf_nodes': None, 'min_impurity_decrease': 0.0, 'min_samples_leaf': 1, 'min_samples_split': 2, 'min_weight_fraction_leaf': 0.0, 'n_estimators': 100, 'n_iter_no_change': None, 'random_state': 1, 'subsample': 1.0, 'tol': 0.0001, 'validation_fraction': 0.1, 'verbose': 0, 'warm_start': False}"
XGBoost rfe k:40,1601.14.00,1357.08.00,1167.07.00,1621.02.00,1631.55.00,8738,3740,88804,246,1.44,"{'objective': 'binary:logistic', 'base_score': None, 'booster': None, 'callbacks': None, 'colsample_bylevel': None, 'colsample_bynode': None, 'colsample_bytree': None, 'device': None, 'early_stopping_rounds': None, 'enable_categorical': False, 'eval_metric': None, 'feature_types': None, 'gamma': None, 'grow_policy': None, 'importance_type': None, 'interaction_constraints': None, 'learning_rate': None, 'max_bin': None, 'max_cat_threshold': None, 'max_cat_to_onehot': None, 'max_delta_step': None, 'max_depth': None, 'max_leaves': None, 'min_child_weight': None, 'missing': nan, 'monotone_constraints': None, 'multi_strategy': None, 'n_estimators': None, 'n_jobs': None, 'num_parallel_tree': None, 'random_state': 1, 'reg_alpha': None, 'reg_lambda': None, 'sampling_method': None, 'scale_pos_weight': None, 'subsample': None, 'tree_method': None, 'validate_parameters': None, 'verbosity': None}"
Logistic Regression rfe k:40,1518.49.00,448.05.00,827.35.00,307.13.00,1507.23.00,1656,1679,90865,7328,1.57,"{'C': 1.0, 'class_weight': None, 'dual': False, 'fit_intercept': True, 'intercept_scaling': 1, 'l1_ratio': None, 'max_iter': 100, 'multi_class': 'deprecated', 'n_jobs': None, 'penalty': 'l2', 'random_state': 1, 'solver': 'lbfgs', 'tol': 0.0001, 'verbose': 0, 'warm_start': False}"
Decision Tree rfe k:40,1581.07.00,1196.22.00,1164.53.00,1229.36.00,1593.43.00,6628,2855,89689,2356,1.18,"{'ccp_alpha': 0.0, 'class_weight': None, 'criterion': 'gini', 'max_depth': None, 'max_features': None, 'max_leaf_nodes': None, 'min_impurity_decrease': 0.0, 'min_samples_leaf': 1, 'min_samples_split': 2, 'min_weight_fraction_leaf': 0.0, 'monotonic_cst': None, 'random_state': 1, 'splitter': 'best'}"
Random Forest rfe k:40,1587.59.00,1257.07.00,1165.17.00,1364.39.00,1631.36.00,7356,3165,89379,1628,14.2,"{'bootstrap': True, 'ccp_alpha': 0.0, 'class_weight': None, 'criterion': 'gini', 'max_depth': None, 'max_features': 'sqrt', 'max_leaf_nodes': None, 'max_samples': None, 'min_impurity_decrease': 0.0, 'min_samples_leaf': 1, 'min_samples_split': 2, 'min_weight_fraction_leaf': 0.0, 'monotonic_cst': None, 'n_estimators': 100, 'n_jobs': None, 'oob_score': False, 'random_state': 1, 'verbose': 0, 'warm_start': False}"
Gradient Boosting Machines rfe k:40,1603.07.00,1371.00.00,1165.15.00,1665.00.00,1631.53.00,8975,3862,88682,9,30.43.00,"{'ccp_alpha': 0.0, 'criterion': 'friedman_mse', 'init': None, 'learning_rate': 0.1, 'loss': 'log_loss', 'max_depth': 3, 'max_features': None, 'max_leaf_nodes': None, 'min_impurity_decrease': 0.0, 'min_samples_leaf': 1, 'min_samples_split': 2, 'min_weight_fraction_leaf': 0.0, 'n_estimators': 100, 'n_iter_no_change': None, 'random_state': 1, 'subsample': 1.0, 'tol': 0.0001, 'validation_fraction': 0.1, 'verbose': 0, 'warm_start': False}"
XGBoost rfe k:40,1600.41.00,1354.19.00,1165.22.00,1616.24.00,1631.27.00,8713,3748,88796,271,1.47,"{'objective': 'binary:logistic', 'base_score': None, 'booster': None, 'callbacks': None, 'colsample_bylevel': None, 'colsample_bynode': None, 'colsample_bytree': None, 'device': None, 'early_stopping_rounds': None, 'enable_categorical': False, 'eval_metric': None, 'feature_types': None, 'gamma': None, 'grow_policy': None, 'importance_type': None, 'interaction_constraints': None, 'learning_rate': None, 'max_bin': None, 'max_cat_threshold': None, 'max_cat_to_onehot': None, 'max_delta_step': None, 'max_depth': None, 'max_leaves': None, 'min_child_weight': None, 'missing': nan, 'monotone_constraints': None, 'multi_strategy': None, 'n_estimators': None, 'n_jobs': None, 'num_parallel_tree': None, 'random_state': 1, 'reg_alpha': None, 'reg_lambda': None, 'sampling_method': None, 'scale_pos_weight': None, 'subsample': None, 'tree_method': None, 'validate_parameters': None, 'verbosity': None}"
Logistic Regression l1,1379.13.00,792.13.00,542.00.00,1471.30.00,1533.52.00,7932,16459,76085,1052,1.41,"{'C': 0.01, 'class_weight': 'balanced', 'dual': False, 'fit_intercept': True, 'intercept_scaling': 1, 'l1_ratio': None, 'max_iter': 1000, 'multi_class': 'deprecated', 'n_jobs': None, 'penalty': 'l2', 'random_state': 1, 'solver': 'liblinear', 'tol': 0.0001, 'verbose': 0, 'warm_start': False}"
Logistic Regression l2,1379.15.00,792.28.00,542.09.00,1472.15.00,1533.52.00,7936,16461,76083,1048,1.45,"{'C': 0.01, 'class_weight': 'balanced', 'dual': False, 'fit_intercept': True, 'intercept_scaling': 1, 'l1_ratio': None, 'max_iter': 1000, 'multi_class': 'deprecated', 'n_jobs': None, 'penalty': 'l2', 'random_state': 1, 'solver': 'lbfgs', 'tol': 0.0001, 'verbose': 0, 'warm_start': False}"
Decision Tree emb,1603.13.00,1371.29.00,1165.35.00,1665.44.00,1631.38.00,8979,3860,88684,5,0.9,"{'ccp_alpha': 0.0, 'class_weight': 'balanced', 'criterion': 'gini', 'max_depth': 10, 'max_features': None, 'max_leaf_nodes': None, 'min_impurity_decrease': 0.0, 'min_samples_leaf': 1, 'min_samples_split': 5, 'min_weight_fraction_leaf': 0.0, 'monotonic_cst': None, 'random_state': 1, 'splitter': 'best'}"
Random Forest emb,1603.16.00,1371.49.00,1165.36.00,1.00,1631.52.00,8984,3862,88682,0,90.51.00,"{'bootstrap': True, 'ccp_alpha': 0.0, 'class_weight': 'balanced', 'criterion': 'gini', 'max_depth': 20, 'max_features': None, 'max_leaf_nodes': None, 'max_samples': None, 'min_impurity_decrease': 0.0, 'min_samples_leaf': 4, 'min_samples_split': 2, 'min_weight_fraction_leaf': 0.0, 'monotonic_cst': None, 'n_estimators': 200, 'n_jobs': None, 'oob_score': False, 'random_state': 1, 'verbose': 0, 'warm_start': False}"
Gradient Boosting Machines emb,1603.09.00,1371.08.00,1165.26.00,1665.00.00,1632.08.00,8975,3860,88684,9,118.19.00,"{'ccp_alpha': 0.0, 'criterion': 'friedman_mse', 'init': None, 'learning_rate': 0.01, 'loss': 'log_loss', 'max_depth': 5, 'max_features': None, 'max_leaf_nodes': None, 'min_impurity_decrease': 0.0, 'min_samples_leaf': 2, 'min_samples_split': 2, 'min_weight_fraction_leaf': 0.0, 'n_estimators': 200, 'n_iter_no_change': None, 'random_state': 1, 'subsample': 1.0, 'tol': 0.0001, 'validation_fraction': 0.1, 'verbose': 0, 'warm_start': False}"
k-Nearest Neighbors emb,1578.03.00,1179.44.00,1148.10.00,1213.05.00,1585.08.00,6539,2953,89591,2445,58.23.00,"{'algorithm': 'auto', 'leaf_size': 30, 'metric': 'euclidean', 'metric_params': None, 'n_jobs': None, 'n_neighbors': 5, 'p': 2, 'weights': 'distance'}"
Neural Networks emb,1601.33.00,1359.35.00,1166.33.00,1629.12.00,1632.01.00,8782,3765,88779,202,117.45.00,"{'activation': 'tanh', 'alpha': 0.001, 'batch_size': 'auto', 'beta_1': 0.9, 'beta_2': 0.999, 'early_stopping': False, 'epsilon': 1e-08, 'hidden_layer_sizes': (100, 100), 'learning_rate': 'adaptive', 'learning_rate_init': 0.001, 'max_fun': 15000, 'max_iter': 1000, 'momentum': 0.9, 'n_iter_no_change': 10, 'nesterovs_momentum': True, 'power_t': 0.5, 'random_state': 1, 'shuffle': True, 'solver': 'adam', 'tol': 0.0001, 'validation_fraction': 0.1, 'verbose': False, 'warm_start': False}"
Naive Bayes emb,585.06.00,349.22.00,195.47.00,1620.51.00,1399.51.00,8737,65639,26905,247,0.38,"{'priors': None, 'var_smoothing': np.float64(5.99484250318941e-08)}"
XGBoost emb,1602.39.00,1368.25.00,1164.04.00,1659.48.00,1631.58.00,8947,3863,88681,37,1.6,"{'objective': 'binary:logistic', 'base_score': None, 'booster': None, 'callbacks': None, 'colsample_bylevel': None, 'colsample_bynode': None, 'colsample_bytree': 1.0, 'device': None, 'early_stopping_rounds': None, 'enable_categorical': False, 'eval_metric': None, 'feature_types': None, 'gamma': 0.1, 'grow_policy': None, 'importance_type': None, 'interaction_constraints': None, 'learning_rate': 0.1, 'max_bin': None, 'max_cat_threshold': None, 'max_cat_to_onehot': None, 'max_delta_step': None, 'max_depth': 4, 'max_leaves': None, 'min_child_weight': 3, 'missing': nan, 'monotone_constraints': None, 'multi_strategy': None, 'n_estimators': 100, 'n_jobs': None, 'num_parallel_tree': None, 'random_state': 1, 'reg_alpha': None, 'reg_lambda': None, 'sampling_method': None, 'scale_pos_weight': None, 'subsample': 0.8, 'tree_method': None, 'validate_parameters': None, 'verbosity': None}"