Model,Accuracy,F1 Score,Precision,Recall,ROC-AUC,TP,FP,TN,FN,Duration (seconds),Parameters
Random Forest emb,0.96196,0.82309,0.69936,1.00000,0.97912,8984,3862,88682,0,90.51,"{'bootstrap': True, 'ccp_alpha': 0.0, 'class_weight': 'balanced', 'criterion': 'gini', 'max_depth': 20, 'max_features': None, 'max_leaf_nodes': None, 'max_samples': None, 'min_impurity_decrease': 0.0, 'min_samples_leaf': 4, 'min_samples_split': 2, 'min_weight_fraction_leaf': 0.0, 'monotonic_cst': None, 'n_estimators': 200, 'n_jobs': None, 'oob_score': False, 'random_state': 1, 'verbose': 0, 'warm_start': False}"
Gradient Boosting Machines rfe k:35,0.96191,0.82282,0.69924,0.99944,0.97918,8979,3862,88682,5,27.79,"{'ccp_alpha': 0.0, 'criterion': 'friedman_mse', 'init': None, 'learning_rate': 0.1, 'loss': 'log_loss', 'max_depth': 3, 'max_features': None, 'max_leaf_nodes': None, 'min_impurity_decrease': 0.0, 'min_samples_leaf': 1, 'min_samples_split': 2, 'min_weight_fraction_leaf': 0.0, 'n_estimators': 100, 'n_iter_no_change': None, 'random_state': 1, 'subsample': 1.0, 'tol': 0.0001, 'validation_fraction': 0.1, 'verbose': 0, 'warm_start': False}"
Gradient Boosting Machines CorrelationFiltering,0.96191,0.82282,0.69924,0.99944,0.97918,8979,3862,88682,5,49.84,
Gradient Boosting Machines rfe k:30,0.96191,0.82282,0.69924,0.99944,0.97918,8979,3862,88682,5,26.22,"{'ccp_alpha': 0.0, 'criterion': 'friedman_mse', 'init': None, 'learning_rate': 0.1, 'loss': 'log_loss', 'max_depth': 3, 'max_features': None, 'max_leaf_nodes': None, 'min_impurity_decrease': 0.0, 'min_samples_leaf': 1, 'min_samples_split': 2, 'min_weight_fraction_leaf': 0.0, 'n_estimators': 100, 'n_iter_no_change': None, 'random_state': 1, 'subsample': 1.0, 'tol': 0.0001, 'validation_fraction': 0.1, 'verbose': 0, 'warm_start': False}"
Gradient Boosting Machines rfe k:20,0.96191,0.82282,0.69924,0.99944,0.97905,8979,3862,88682,5,22.4,"{'ccp_alpha': 0.0, 'criterion': 'friedman_mse', 'init': None, 'learning_rate': 0.1, 'loss': 'log_loss', 'max_depth': 3, 'max_features': None, 'max_leaf_nodes': None, 'min_impurity_decrease': 0.0, 'min_samples_leaf': 1, 'min_samples_split': 2, 'min_weight_fraction_leaf': 0.0, 'n_estimators': 100, 'n_iter_no_change': None, 'random_state': 1, 'subsample': 1.0, 'tol': 0.0001, 'validation_fraction': 0.1, 'verbose': 0, 'warm_start': False}"
Gradient Boosting Machines rfe k:25,0.96191,0.82282,0.69924,0.99944,0.97918,8979,3862,88682,5,24.45,"{'ccp_alpha': 0.0, 'criterion': 'friedman_mse', 'init': None, 'learning_rate': 0.1, 'loss': 'log_loss', 'max_depth': 3, 'max_features': None, 'max_leaf_nodes': None, 'min_impurity_decrease': 0.0, 'min_samples_leaf': 1, 'min_samples_split': 2, 'min_weight_fraction_leaf': 0.0, 'n_estimators': 100, 'n_iter_no_change': None, 'random_state': 1, 'subsample': 1.0, 'tol': 0.0001, 'validation_fraction': 0.1, 'verbose': 0, 'warm_start': False}"
Gradient Boosting Machines rfe k:40,0.96191,0.82282,0.69924,0.99944,0.97918,8979,3862,88682,5,29.9,"{'ccp_alpha': 0.0, 'criterion': 'friedman_mse', 'init': None, 'learning_rate': 0.1, 'loss': 'log_loss', 'max_depth': 3, 'max_features': None, 'max_leaf_nodes': None, 'min_impurity_decrease': 0.0, 'min_samples_leaf': 1, 'min_samples_split': 2, 'min_weight_fraction_leaf': 0.0, 'n_estimators': 100, 'n_iter_no_change': None, 'random_state': 1, 'subsample': 1.0, 'tol': 0.0001, 'validation_fraction': 0.1, 'verbose': 0, 'warm_start': False}"
Gradient Boosting Machines Base,0.96191,0.82282,0.69924,0.99944,0.97918,8979,3862,88682,5,52.32,
Decision Tree emb,0.96193,0.82289,0.69935,0.99944,0.97898,8979,3860,88684,5,0.9,"{'ccp_alpha': 0.0, 'class_weight': 'balanced', 'criterion': 'gini', 'max_depth': 10, 'max_features': None, 'max_leaf_nodes': None, 'min_impurity_decrease': 0.0, 'min_samples_leaf': 1, 'min_samples_split': 5, 'min_weight_fraction_leaf': 0.0, 'monotonic_cst': None, 'random_state': 1, 'splitter': 'best'}"
Gradient Boosting Machines rfe k:15,0.96192,0.82284,0.69933,0.99933,0.97929,8978,3860,88684,6,21.83,"{'ccp_alpha': 0.0, 'criterion': 'friedman_mse', 'init': None, 'learning_rate': 0.1, 'loss': 'log_loss', 'max_depth': 3, 'max_features': None, 'max_leaf_nodes': None, 'min_impurity_decrease': 0.0, 'min_samples_leaf': 1, 'min_samples_split': 2, 'min_weight_fraction_leaf': 0.0, 'n_estimators': 100, 'n_iter_no_change': None, 'random_state': 1, 'subsample': 1.0, 'tol': 0.0001, 'validation_fraction': 0.1, 'verbose': 0, 'warm_start': False}"
Gradient Boosting Machines rfe k:20,0.9619,0.82273,0.69928,0.99911,0.97905,8976,3860,88684,8,23.32,"{'ccp_alpha': 0.0, 'criterion': 'friedman_mse', 'init': None, 'learning_rate': 0.1, 'loss': 'log_loss', 'max_depth': 3, 'max_features': None, 'max_leaf_nodes': None, 'min_impurity_decrease': 0.0, 'min_samples_leaf': 1, 'min_samples_split': 2, 'min_weight_fraction_leaf': 0.0, 'n_estimators': 100, 'n_iter_no_change': None, 'random_state': 1, 'subsample': 1.0, 'tol': 0.0001, 'validation_fraction': 0.1, 'verbose': 0, 'warm_start': False}"
Gradient Boosting Machines rfe k:40,0.96187,0.82260,0.69915,0.99900,0.97915,8975,3862,88682,9,30.7,"{'ccp_alpha': 0.0, 'criterion': 'friedman_mse', 'init': None, 'learning_rate': 0.1, 'loss': 'log_loss', 'max_depth': 3, 'max_features': None, 'max_leaf_nodes': None, 'min_impurity_decrease': 0.0, 'min_samples_leaf': 1, 'min_samples_split': 2, 'min_weight_fraction_leaf': 0.0, 'n_estimators': 100, 'n_iter_no_change': None, 'random_state': 1, 'subsample': 1.0, 'tol': 0.0001, 'validation_fraction': 0.1, 'verbose': 0, 'warm_start': False}"
Gradient Boosting Machines kbest k:35,0.96188,0.82264,0.69921,0.99900,0.97924,8975,3861,88683,9,30.86,
Gradient Boosting Machines rfe k:35,0.96187,0.82260,0.69915,0.99900,0.97914,8975,3862,88682,9,32.45,"{'ccp_alpha': 0.0, 'criterion': 'friedman_mse', 'init': None, 'learning_rate': 0.1, 'loss': 'log_loss', 'max_depth': 3, 'max_features': None, 'max_leaf_nodes': None, 'min_impurity_decrease': 0.0, 'min_samples_leaf': 1, 'min_samples_split': 2, 'min_weight_fraction_leaf': 0.0, 'n_estimators': 100, 'n_iter_no_change': None, 'random_state': 1, 'subsample': 1.0, 'tol': 0.0001, 'validation_fraction': 0.1, 'verbose': 0, 'warm_start': False}"
Gradient Boosting Machines emb,0.96189,0.82268,0.69926,0.99900,0.97928,8975,3860,88684,9,118.19,"{'ccp_alpha': 0.0, 'criterion': 'friedman_mse', 'init': None, 'learning_rate': 0.01, 'loss': 'log_loss', 'max_depth': 5, 'max_features': None, 'max_leaf_nodes': None, 'min_impurity_decrease': 0.0, 'min_samples_leaf': 2, 'min_samples_split': 2, 'min_weight_fraction_leaf': 0.0, 'n_estimators': 200, 'n_iter_no_change': None, 'random_state': 1, 'subsample': 1.0, 'tol': 0.0001, 'validation_fraction': 0.1, 'verbose': 0, 'warm_start': False}"
Gradient Boosting Machines rfe k:30,0.96188,0.82264,0.69921,0.99900,0.97920,8975,3861,88683,9,29.42,"{'ccp_alpha': 0.0, 'criterion': 'friedman_mse', 'init': None, 'learning_rate': 0.1, 'loss': 'log_loss', 'max_depth': 3, 'max_features': None, 'max_leaf_nodes': None, 'min_impurity_decrease': 0.0, 'min_samples_leaf': 1, 'min_samples_split': 2, 'min_weight_fraction_leaf': 0.0, 'n_estimators': 100, 'n_iter_no_change': None, 'random_state': 1, 'subsample': 1.0, 'tol': 0.0001, 'validation_fraction': 0.1, 'verbose': 0, 'warm_start': False}"
Gradient Boosting Machines rfe k:40,0.96188,0.82264,0.69921,0.99900,0.97923,8975,3861,88683,9,31.05,"{'ccp_alpha': 0.0, 'criterion': 'friedman_mse', 'init': None, 'learning_rate': 0.1, 'loss': 'log_loss', 'max_depth': 3, 'max_features': None, 'max_leaf_nodes': None, 'min_impurity_decrease': 0.0, 'min_samples_leaf': 1, 'min_samples_split': 2, 'min_weight_fraction_leaf': 0.0, 'n_estimators': 100, 'n_iter_no_change': None, 'random_state': 1, 'subsample': 1.0, 'tol': 0.0001, 'validation_fraction': 0.1, 'verbose': 0, 'warm_start': False}"
Gradient Boosting Machines vif,0.96188,0.82264,0.69921,0.99900,0.97927,8975,3861,88683,9,47.93,
Gradient Boosting Machines rfe k:30,0.96188,0.82264,0.69921,0.99900,0.97923,8975,3861,88683,9,28.16,"{'ccp_alpha': 0.0, 'criterion': 'friedman_mse', 'init': None, 'learning_rate': 0.1, 'loss': 'log_loss', 'max_depth': 3, 'max_features': None, 'max_leaf_nodes': None, 'min_impurity_decrease': 0.0, 'min_samples_leaf': 1, 'min_samples_split': 2, 'min_weight_fraction_leaf': 0.0, 'n_estimators': 100, 'n_iter_no_change': None, 'random_state': 1, 'subsample': 1.0, 'tol': 0.0001, 'validation_fraction': 0.1, 'verbose': 0, 'warm_start': False}"
Gradient Boosting Machines rfe k:25,0.96187,0.82260,0.69915,0.99900,0.97929,8975,3862,88682,9,24.01,"{'ccp_alpha': 0.0, 'criterion': 'friedman_mse', 'init': None, 'learning_rate': 0.1, 'loss': 'log_loss', 'max_depth': 3, 'max_features': None, 'max_leaf_nodes': None, 'min_impurity_decrease': 0.0, 'min_samples_leaf': 1, 'min_samples_split': 2, 'min_weight_fraction_leaf': 0.0, 'n_estimators': 100, 'n_iter_no_change': None, 'random_state': 1, 'subsample': 1.0, 'tol': 0.0001, 'validation_fraction': 0.1, 'verbose': 0, 'warm_start': False}"
Gradient Boosting Machines rfe k:40,0.96187,0.82260,0.69915,0.99900,0.97920,8975,3862,88682,9,31.05,"{'ccp_alpha': 0.0, 'criterion': 'friedman_mse', 'init': None, 'learning_rate': 0.1, 'loss': 'log_loss', 'max_depth': 3, 'max_features': None, 'max_leaf_nodes': None, 'min_impurity_decrease': 0.0, 'min_samples_leaf': 1, 'min_samples_split': 2, 'min_weight_fraction_leaf': 0.0, 'n_estimators': 100, 'n_iter_no_change': None, 'random_state': 1, 'subsample': 1.0, 'tol': 0.0001, 'validation_fraction': 0.1, 'verbose': 0, 'warm_start': False}"
Gradient Boosting Machines rfe k:30,0.96188,0.82264,0.69921,0.99900,0.97925,8975,3861,88683,9,26.22,"{'ccp_alpha': 0.0, 'criterion': 'friedman_mse', 'init': None, 'learning_rate': 0.1, 'loss': 'log_loss', 'max_depth': 3, 'max_features': None, 'max_leaf_nodes': None, 'min_impurity_decrease': 0.0, 'min_samples_leaf': 1, 'min_samples_split': 2, 'min_weight_fraction_leaf': 0.0, 'n_estimators': 100, 'n_iter_no_change': None, 'random_state': 1, 'subsample': 1.0, 'tol': 0.0001, 'validation_fraction': 0.1, 'verbose': 0, 'warm_start': False}"
Gradient Boosting Machines rfe k:20,0.96187,0.82260,0.69915,0.99900,0.97921,8975,3862,88682,9,21.03,"{'ccp_alpha': 0.0, 'criterion': 'friedman_mse', 'init': None, 'learning_rate': 0.1, 'loss': 'log_loss', 'max_depth': 3, 'max_features': None, 'max_leaf_nodes': None, 'min_impurity_decrease': 0.0, 'min_samples_leaf': 1, 'min_samples_split': 2, 'min_weight_fraction_leaf': 0.0, 'n_estimators': 100, 'n_iter_no_change': None, 'random_state': 1, 'subsample': 1.0, 'tol': 0.0001, 'validation_fraction': 0.1, 'verbose': 0, 'warm_start': False}"
Gradient Boosting Machines rfe k:25,0.96188,0.82264,0.69921,0.99900,0.97921,8975,3861,88683,9,26.31,"{'ccp_alpha': 0.0, 'criterion': 'friedman_mse', 'init': None, 'learning_rate': 0.1, 'loss': 'log_loss', 'max_depth': 3, 'max_features': None, 'max_leaf_nodes': None, 'min_impurity_decrease': 0.0, 'min_samples_leaf': 1, 'min_samples_split': 2, 'min_weight_fraction_leaf': 0.0, 'n_estimators': 100, 'n_iter_no_change': None, 'random_state': 1, 'subsample': 1.0, 'tol': 0.0001, 'validation_fraction': 0.1, 'verbose': 0, 'warm_start': False}"
Gradient Boosting Machines rfe k:35,0.96188,0.82264,0.69921,0.99900,0.97922,8975,3861,88683,9,30.47,"{'ccp_alpha': 0.0, 'criterion': 'friedman_mse', 'init': None, 'learning_rate': 0.1, 'loss': 'log_loss', 'max_depth': 3, 'max_features': None, 'max_leaf_nodes': None, 'min_impurity_decrease': 0.0, 'min_samples_leaf': 1, 'min_samples_split': 2, 'min_weight_fraction_leaf': 0.0, 'n_estimators': 100, 'n_iter_no_change': None, 'random_state': 1, 'subsample': 1.0, 'tol': 0.0001, 'validation_fraction': 0.1, 'verbose': 0, 'warm_start': False}"
Gradient Boosting Machines rfe k:30,0.96188,0.82264,0.69921,0.99900,0.97920,8975,3861,88683,9,27.21,"{'ccp_alpha': 0.0, 'criterion': 'friedman_mse', 'init': None, 'learning_rate': 0.1, 'loss': 'log_loss', 'max_depth': 3, 'max_features': None, 'max_leaf_nodes': None, 'min_impurity_decrease': 0.0, 'min_samples_leaf': 1, 'min_samples_split': 2, 'min_weight_fraction_leaf': 0.0, 'n_estimators': 100, 'n_iter_no_change': None, 'random_state': 1, 'subsample': 1.0, 'tol': 0.0001, 'validation_fraction': 0.1, 'verbose': 0, 'warm_start': False}"
Gradient Boosting Machines rfe k:25,0.96188,0.82264,0.69921,0.99900,0.97921,8975,3861,88683,9,24.89,"{'ccp_alpha': 0.0, 'criterion': 'friedman_mse', 'init': None, 'learning_rate': 0.1, 'loss': 'log_loss', 'max_depth': 3, 'max_features': None, 'max_leaf_nodes': None, 'min_impurity_decrease': 0.0, 'min_samples_leaf': 1, 'min_samples_split': 2, 'min_weight_fraction_leaf': 0.0, 'n_estimators': 100, 'n_iter_no_change': None, 'random_state': 1, 'subsample': 1.0, 'tol': 0.0001, 'validation_fraction': 0.1, 'verbose': 0, 'warm_start': False}"
Gradient Boosting Machines rfe k:35,0.96188,0.82264,0.69921,0.99900,0.97922,8975,3861,88683,9,29.46,"{'ccp_alpha': 0.0, 'criterion': 'friedman_mse', 'init': None, 'learning_rate': 0.1, 'loss': 'log_loss', 'max_depth': 3, 'max_features': None, 'max_leaf_nodes': None, 'min_impurity_decrease': 0.0, 'min_samples_leaf': 1, 'min_samples_split': 2, 'min_weight_fraction_leaf': 0.0, 'n_estimators': 100, 'n_iter_no_change': None, 'random_state': 1, 'subsample': 1.0, 'tol': 0.0001, 'validation_fraction': 0.1, 'verbose': 0, 'warm_start': False}"
Gradient Boosting Machines rfe k:40,0.96187,0.82260,0.69915,0.99900,0.97913,8975,3862,88682,9,30.43,"{'ccp_alpha': 0.0, 'criterion': 'friedman_mse', 'init': None, 'learning_rate': 0.1, 'loss': 'log_loss', 'max_depth': 3, 'max_features': None, 'max_leaf_nodes': None, 'min_impurity_decrease': 0.0, 'min_samples_leaf': 1, 'min_samples_split': 2, 'min_weight_fraction_leaf': 0.0, 'n_estimators': 100, 'n_iter_no_change': None, 'random_state': 1, 'subsample': 1.0, 'tol': 0.0001, 'validation_fraction': 0.1, 'verbose': 0, 'warm_start': False}"
Gradient Boosting Machines rfe k:15,0.96187,0.82260,0.69915,0.99900,0.97910,8975,3862,88682,9,20.48,"{'ccp_alpha': 0.0, 'criterion': 'friedman_mse', 'init': None, 'learning_rate': 0.1, 'loss': 'log_loss', 'max_depth': 3, 'max_features': None, 'max_leaf_nodes': None, 'min_impurity_decrease': 0.0, 'min_samples_leaf': 1, 'min_samples_split': 2, 'min_weight_fraction_leaf': 0.0, 'n_estimators': 100, 'n_iter_no_change': None, 'random_state': 1, 'subsample': 1.0, 'tol': 0.0001, 'validation_fraction': 0.1, 'verbose': 0, 'warm_start': False}"
Gradient Boosting Machines rfe k:10,0.96189,0.82266,0.69929,0.99889,0.97929,8974,3859,88685,10,19.24,"{'ccp_alpha': 0.0, 'criterion': 'friedman_mse', 'init': None, 'learning_rate': 0.1, 'loss': 'log_loss', 'max_depth': 3, 'max_features': None, 'max_leaf_nodes': None, 'min_impurity_decrease': 0.0, 'min_samples_leaf': 1, 'min_samples_split': 2, 'min_weight_fraction_leaf': 0.0, 'n_estimators': 100, 'n_iter_no_change': None, 'random_state': 1, 'subsample': 1.0, 'tol': 0.0001, 'validation_fraction': 0.1, 'verbose': 0, 'warm_start': False}"
Gradient Boosting Machines rfe k:15,0.96188,0.82262,0.69924,0.99889,0.97913,8974,3860,88684,10,19.64,"{'ccp_alpha': 0.0, 'criterion': 'friedman_mse', 'init': None, 'learning_rate': 0.1, 'loss': 'log_loss', 'max_depth': 3, 'max_features': None, 'max_leaf_nodes': None, 'min_impurity_decrease': 0.0, 'min_samples_leaf': 1, 'min_samples_split': 2, 'min_weight_fraction_leaf': 0.0, 'n_estimators': 100, 'n_iter_no_change': None, 'random_state': 1, 'subsample': 1.0, 'tol': 0.0001, 'validation_fraction': 0.1, 'verbose': 0, 'warm_start': False}"
Gradient Boosting Machines kbest k:25,0.96189,0.82266,0.69929,0.99889,0.97926,8974,3859,88685,10,26.53,
Gradient Boosting Machines rfe k:25,0.96189,0.82266,0.69929,0.99889,0.97927,8974,3859,88685,10,27.53,"{'ccp_alpha': 0.0, 'criterion': 'friedman_mse', 'init': None, 'learning_rate': 0.1, 'loss': 'log_loss', 'max_depth': 3, 'max_features': None, 'max_leaf_nodes': None, 'min_impurity_decrease': 0.0, 'min_samples_leaf': 1, 'min_samples_split': 2, 'min_weight_fraction_leaf': 0.0, 'n_estimators': 100, 'n_iter_no_change': None, 'random_state': 1, 'subsample': 1.0, 'tol': 0.0001, 'validation_fraction': 0.1, 'verbose': 0, 'warm_start': False}"
Gradient Boosting Machines kbest k:30,0.96189,0.82266,0.69929,0.99889,0.97925,8974,3859,88685,10,28.96,
Gradient Boosting Machines rfe k:10,0.96188,0.82262,0.69924,0.99889,0.97917,8974,3860,88684,10,16.79,"{'ccp_alpha': 0.0, 'criterion': 'friedman_mse', 'init': None, 'learning_rate': 0.1, 'loss': 'log_loss', 'max_depth': 3, 'max_features': None, 'max_leaf_nodes': None, 'min_impurity_decrease': 0.0, 'min_samples_leaf': 1, 'min_samples_split': 2, 'min_weight_fraction_leaf': 0.0, 'n_estimators': 100, 'n_iter_no_change': None, 'random_state': 1, 'subsample': 1.0, 'tol': 0.0001, 'validation_fraction': 0.1, 'verbose': 0, 'warm_start': False}"
Gradient Boosting Machines kbest k:15,0.96189,0.82266,0.69929,0.99889,0.97922,8974,3859,88685,10,22.04,
Gradient Boosting Machines kbest k:10,0.96188,0.82262,0.69924,0.99889,0.97910,8974,3860,88684,10,19.05,
Gradient Boosting Machines rfe k:5,0.96188,0.82262,0.69924,0.99889,0.97912,8974,3860,88684,10,16.7,"{'ccp_alpha': 0.0, 'criterion': 'friedman_mse', 'init': None, 'learning_rate': 0.1, 'loss': 'log_loss', 'max_depth': 3, 'max_features': None, 'max_leaf_nodes': None, 'min_impurity_decrease': 0.0, 'min_samples_leaf': 1, 'min_samples_split': 2, 'min_weight_fraction_leaf': 0.0, 'n_estimators': 100, 'n_iter_no_change': None, 'random_state': 1, 'subsample': 1.0, 'tol': 0.0001, 'validation_fraction': 0.1, 'verbose': 0, 'warm_start': False}"
Gradient Boosting Machines rfe k:5,0.96188,0.82262,0.69924,0.99889,0.97914,8974,3860,88684,10,15.94,"{'ccp_alpha': 0.0, 'criterion': 'friedman_mse', 'init': None, 'learning_rate': 0.1, 'loss': 'log_loss', 'max_depth': 3, 'max_features': None, 'max_leaf_nodes': None, 'min_impurity_decrease': 0.0, 'min_samples_leaf': 1, 'min_samples_split': 2, 'min_weight_fraction_leaf': 0.0, 'n_estimators': 100, 'n_iter_no_change': None, 'random_state': 1, 'subsample': 1.0, 'tol': 0.0001, 'validation_fraction': 0.1, 'verbose': 0, 'warm_start': False}"
Gradient Boosting Machines kbest k:5,0.96189,0.82266,0.69929,0.99889,0.97911,8974,3859,88685,10,15.99,
Gradient Boosting Machines kbest k:40,0.96189,0.82266,0.69929,0.99889,0.97917,8974,3859,88685,10,31.55,
Gradient Boosting Machines rfe k:10,0.96188,0.82262,0.69924,0.99889,0.97904,8974,3860,88684,10,18.69,"{'ccp_alpha': 0.0, 'criterion': 'friedman_mse', 'init': None, 'learning_rate': 0.1, 'loss': 'log_loss', 'max_depth': 3, 'max_features': None, 'max_leaf_nodes': None, 'min_impurity_decrease': 0.0, 'min_samples_leaf': 1, 'min_samples_split': 2, 'min_weight_fraction_leaf': 0.0, 'n_estimators': 100, 'n_iter_no_change': None, 'random_state': 1, 'subsample': 1.0, 'tol': 0.0001, 'validation_fraction': 0.1, 'verbose': 0, 'warm_start': False}"
Gradient Boosting Machines rfe k:5,0.96188,0.82262,0.69924,0.99889,0.97911,8974,3860,88684,10,15.68,"{'ccp_alpha': 0.0, 'criterion': 'friedman_mse', 'init': None, 'learning_rate': 0.1, 'loss': 'log_loss', 'max_depth': 3, 'max_features': None, 'max_leaf_nodes': None, 'min_impurity_decrease': 0.0, 'min_samples_leaf': 1, 'min_samples_split': 2, 'min_weight_fraction_leaf': 0.0, 'n_estimators': 100, 'n_iter_no_change': None, 'random_state': 1, 'subsample': 1.0, 'tol': 0.0001, 'validation_fraction': 0.1, 'verbose': 0, 'warm_start': False}"
Gradient Boosting Machines VarThreshold,0.96189,0.82266,0.69929,0.99889,0.97927,8974,3859,88685,10,27.0,
Gradient Boosting Machines rfe k:15,0.96189,0.82266,0.69929,0.99889,0.97929,8974,3859,88685,10,21.93,"{'ccp_alpha': 0.0, 'criterion': 'friedman_mse', 'init': None, 'learning_rate': 0.1, 'loss': 'log_loss', 'max_depth': 3, 'max_features': None, 'max_leaf_nodes': None, 'min_impurity_decrease': 0.0, 'min_samples_leaf': 1, 'min_samples_split': 2, 'min_weight_fraction_leaf': 0.0, 'n_estimators': 100, 'n_iter_no_change': None, 'random_state': 1, 'subsample': 1.0, 'tol': 0.0001, 'validation_fraction': 0.1, 'verbose': 0, 'warm_start': False}"
Gradient Boosting Machines rfe k:35,0.96189,0.82266,0.69929,0.99889,0.97921,8974,3859,88685,10,27.64,"{'ccp_alpha': 0.0, 'criterion': 'friedman_mse', 'init': None, 'learning_rate': 0.1, 'loss': 'log_loss', 'max_depth': 3, 'max_features': None, 'max_leaf_nodes': None, 'min_impurity_decrease': 0.0, 'min_samples_leaf': 1, 'min_samples_split': 2, 'min_weight_fraction_leaf': 0.0, 'n_estimators': 100, 'n_iter_no_change': None, 'random_state': 1, 'subsample': 1.0, 'tol': 0.0001, 'validation_fraction': 0.1, 'verbose': 0, 'warm_start': False}"
Gradient Boosting Machines rfe k:20,0.96189,0.82266,0.69929,0.99889,0.97926,8974,3859,88685,10,25.87,"{'ccp_alpha': 0.0, 'criterion': 'friedman_mse', 'init': None, 'learning_rate': 0.1, 'loss': 'log_loss', 'max_depth': 3, 'max_features': None, 'max_leaf_nodes': None, 'min_impurity_decrease': 0.0, 'min_samples_leaf': 1, 'min_samples_split': 2, 'min_weight_fraction_leaf': 0.0, 'n_estimators': 100, 'n_iter_no_change': None, 'random_state': 1, 'subsample': 1.0, 'tol': 0.0001, 'validation_fraction': 0.1, 'verbose': 0, 'warm_start': False}"
Gradient Boosting Machines rfe k:5,0.96188,0.82262,0.69924,0.99889,0.97929,8974,3860,88684,10,17.41,"{'ccp_alpha': 0.0, 'criterion': 'friedman_mse', 'init': None, 'learning_rate': 0.1, 'loss': 'log_loss', 'max_depth': 3, 'max_features': None, 'max_leaf_nodes': None, 'min_impurity_decrease': 0.0, 'min_samples_leaf': 1, 'min_samples_split': 2, 'min_weight_fraction_leaf': 0.0, 'n_estimators': 100, 'n_iter_no_change': None, 'random_state': 1, 'subsample': 1.0, 'tol': 0.0001, 'validation_fraction': 0.1, 'verbose': 0, 'warm_start': False}"
Gradient Boosting Machines rfe k:20,0.96189,0.82266,0.69929,0.99889,0.97927,8974,3859,88685,10,24.19,"{'ccp_alpha': 0.0, 'criterion': 'friedman_mse', 'init': None, 'learning_rate': 0.1, 'loss': 'log_loss', 'max_depth': 3, 'max_features': None, 'max_leaf_nodes': None, 'min_impurity_decrease': 0.0, 'min_samples_leaf': 1, 'min_samples_split': 2, 'min_weight_fraction_leaf': 0.0, 'n_estimators': 100, 'n_iter_no_change': None, 'random_state': 1, 'subsample': 1.0, 'tol': 0.0001, 'validation_fraction': 0.1, 'verbose': 0, 'warm_start': False}"
Gradient Boosting Machines kbest k:20,0.96189,0.82266,0.69929,0.99889,0.97922,8974,3859,88685,10,24.39,
Gradient Boosting Machines rfe k:10,0.96187,0.82257,0.69921,0.99878,0.97921,8973,3860,88684,11,18.79,"{'ccp_alpha': 0.0, 'criterion': 'friedman_mse', 'init': None, 'learning_rate': 0.1, 'loss': 'log_loss', 'max_depth': 3, 'max_features': None, 'max_leaf_nodes': None, 'min_impurity_decrease': 0.0, 'min_samples_leaf': 1, 'min_samples_split': 2, 'min_weight_fraction_leaf': 0.0, 'n_estimators': 100, 'n_iter_no_change': None, 'random_state': 1, 'subsample': 1.0, 'tol': 0.0001, 'validation_fraction': 0.1, 'verbose': 0, 'warm_start': False}"
Gradient Boosting Machines rfe k:10,0.9619,0.82268,0.69938,0.99878,0.97913,8973,3857,88687,11,18.88,"{'ccp_alpha': 0.0, 'criterion': 'friedman_mse', 'init': None, 'learning_rate': 0.1, 'loss': 'log_loss', 'max_depth': 3, 'max_features': None, 'max_leaf_nodes': None, 'min_impurity_decrease': 0.0, 'min_samples_leaf': 1, 'min_samples_split': 2, 'min_weight_fraction_leaf': 0.0, 'n_estimators': 100, 'n_iter_no_change': None, 'random_state': 1, 'subsample': 1.0, 'tol': 0.0001, 'validation_fraction': 0.1, 'verbose': 0, 'warm_start': False}"
Gradient Boosting Machines rfe k:15,0.96187,0.82255,0.69924,0.99866,0.97899,8972,3859,88685,12,20.54,"{'ccp_alpha': 0.0, 'criterion': 'friedman_mse', 'init': None, 'learning_rate': 0.1, 'loss': 'log_loss', 'max_depth': 3, 'max_features': None, 'max_leaf_nodes': None, 'min_impurity_decrease': 0.0, 'min_samples_leaf': 1, 'min_samples_split': 2, 'min_weight_fraction_leaf': 0.0, 'n_estimators': 100, 'n_iter_no_change': None, 'random_state': 1, 'subsample': 1.0, 'tol': 0.0001, 'validation_fraction': 0.1, 'verbose': 0, 'warm_start': False}"
XGBoost emb,0.96159,0.82105,0.69844,0.99588,0.97918,8947,3863,88681,37,1.6,"{'objective': 'binary:logistic', 'base_score': None, 'booster': None, 'callbacks': None, 'colsample_bylevel': None, 'colsample_bynode': None, 'colsample_bytree': 1.0, 'device': None, 'early_stopping_rounds': None, 'enable_categorical': False, 'eval_metric': None, 'feature_types': None, 'gamma': 0.1, 'grow_policy': None, 'importance_type': None, 'interaction_constraints': None, 'learning_rate': 0.1, 'max_bin': None, 'max_cat_threshold': None, 'max_cat_to_onehot': None, 'max_delta_step': None, 'max_depth': 4, 'max_leaves': None, 'min_child_weight': 3, 'missing': nan, 'monotone_constraints': None, 'multi_strategy': None, 'n_estimators': 100, 'n_jobs': None, 'num_parallel_tree': None, 'random_state': 1, 'reg_alpha': None, 'reg_lambda': None, 'sampling_method': None, 'scale_pos_weight': None, 'subsample': 0.8, 'tree_method': None, 'validate_parameters': None, 'verbosity': None}"
Neural Networks kbest k:5,0.9617,0.82140,0.69916,0.99544,0.97934,8943,3848,88696,41,13.93,
Neural Networks kbest k:10,0.9615,0.81955,0.70013,0.98809,0.97941,8877,3802,88742,107,15.14,
Neural Networks kbest k:15,0.9611,0.81735,0.69922,0.98353,0.97907,8836,3801,88743,148,22.76,
XGBoost rfe k:5,0.96116,0.81748,0.69974,0.98286,0.97903,8830,3789,88755,154,0.9,"{'objective': 'binary:logistic', 'base_score': None, 'booster': None, 'callbacks': None, 'colsample_bylevel': None, 'colsample_bynode': None, 'colsample_bytree': None, 'device': None, 'early_stopping_rounds': None, 'enable_categorical': False, 'eval_metric': None, 'feature_types': None, 'gamma': None, 'grow_policy': None, 'importance_type': None, 'interaction_constraints': None, 'learning_rate': None, 'max_bin': None, 'max_cat_threshold': None, 'max_cat_to_onehot': None, 'max_delta_step': None, 'max_depth': None, 'max_leaves': None, 'min_child_weight': None, 'missing': nan, 'monotone_constraints': None, 'multi_strategy': None, 'n_estimators': None, 'n_jobs': None, 'num_parallel_tree': None, 'random_state': 1, 'reg_alpha': None, 'reg_lambda': None, 'sampling_method': None, 'scale_pos_weight': None, 'subsample': None, 'tree_method': None, 'validate_parameters': None, 'verbosity': None}"
Neural Networks kbest k:20,0.96114,0.81713,0.70014,0.98108,0.97948,8814,3775,88769,170,30.53,
XGBoost rfe k:10,0.96102,0.81654,0.69960,0.98041,0.97914,8808,3782,88762,176,0.93,"{'objective': 'binary:logistic', 'base_score': None, 'booster': None, 'callbacks': None, 'colsample_bylevel': None, 'colsample_bynode': None, 'colsample_bytree': None, 'device': None, 'early_stopping_rounds': None, 'enable_categorical': False, 'eval_metric': None, 'feature_types': None, 'gamma': None, 'grow_policy': None, 'importance_type': None, 'interaction_constraints': None, 'learning_rate': None, 'max_bin': None, 'max_cat_threshold': None, 'max_cat_to_onehot': None, 'max_delta_step': None, 'max_depth': None, 'max_leaves': None, 'min_child_weight': None, 'missing': nan, 'monotone_constraints': None, 'multi_strategy': None, 'n_estimators': None, 'n_jobs': None, 'num_parallel_tree': None, 'random_state': 1, 'reg_alpha': None, 'reg_lambda': None, 'sampling_method': None, 'scale_pos_weight': None, 'subsample': None, 'tree_method': None, 'validate_parameters': None, 'verbosity': None}"
Neural Networks kbest k:30,0.96103,0.81649,0.69982,0.97985,0.97926,8803,3776,88768,181,46.85,
XGBoost rfe k:5,0.96091,0.81592,0.69937,0.97907,0.97901,8796,3781,88763,188,0.82,"{'objective': 'binary:logistic', 'base_score': None, 'booster': None, 'callbacks': None, 'colsample_bylevel': None, 'colsample_bynode': None, 'colsample_bytree': None, 'device': None, 'early_stopping_rounds': None, 'enable_categorical': False, 'eval_metric': None, 'feature_types': None, 'gamma': None, 'grow_policy': None, 'importance_type': None, 'interaction_constraints': None, 'learning_rate': None, 'max_bin': None, 'max_cat_threshold': None, 'max_cat_to_onehot': None, 'max_delta_step': None, 'max_depth': None, 'max_leaves': None, 'min_child_weight': None, 'missing': nan, 'monotone_constraints': None, 'multi_strategy': None, 'n_estimators': None, 'n_jobs': None, 'num_parallel_tree': None, 'random_state': 1, 'reg_alpha': None, 'reg_lambda': None, 'sampling_method': None, 'scale_pos_weight': None, 'subsample': None, 'tree_method': None, 'validate_parameters': None, 'verbosity': None}"
XGBoost rfe k:15,0.96086,0.81557,0.69938,0.97807,0.97905,8787,3777,88767,197,1.11,"{'objective': 'binary:logistic', 'base_score': None, 'booster': None, 'callbacks': None, 'colsample_bylevel': None, 'colsample_bynode': None, 'colsample_bytree': None, 'device': None, 'early_stopping_rounds': None, 'enable_categorical': False, 'eval_metric': None, 'feature_types': None, 'gamma': None, 'grow_policy': None, 'importance_type': None, 'interaction_constraints': None, 'learning_rate': None, 'max_bin': None, 'max_cat_threshold': None, 'max_cat_to_onehot': None, 'max_delta_step': None, 'max_depth': None, 'max_leaves': None, 'min_child_weight': None, 'missing': nan, 'monotone_constraints': None, 'multi_strategy': None, 'n_estimators': None, 'n_jobs': None, 'num_parallel_tree': None, 'random_state': 1, 'reg_alpha': None, 'reg_lambda': None, 'sampling_method': None, 'scale_pos_weight': None, 'subsample': None, 'tree_method': None, 'validate_parameters': None, 'verbosity': None}"
XGBoost rfe k:30,0.96097,0.81597,0.70002,0.97796,0.97923,8786,3765,88779,198,1.48,"{'objective': 'binary:logistic', 'base_score': None, 'booster': None, 'callbacks': None, 'colsample_bylevel': None, 'colsample_bynode': None, 'colsample_bytree': None, 'device': None, 'early_stopping_rounds': None, 'enable_categorical': False, 'eval_metric': None, 'feature_types': None, 'gamma': None, 'grow_policy': None, 'importance_type': None, 'interaction_constraints': None, 'learning_rate': None, 'max_bin': None, 'max_cat_threshold': None, 'max_cat_to_onehot': None, 'max_delta_step': None, 'max_depth': None, 'max_leaves': None, 'min_child_weight': None, 'missing': nan, 'monotone_constraints': None, 'multi_strategy': None, 'n_estimators': None, 'n_jobs': None, 'num_parallel_tree': None, 'random_state': 1, 'reg_alpha': None, 'reg_lambda': None, 'sampling_method': None, 'scale_pos_weight': None, 'subsample': None, 'tree_method': None, 'validate_parameters': None, 'verbosity': None}"
Neural Networks emb,0.96093,0.81575,0.69993,0.97752,0.97921,8782,3765,88779,202,117.45,"{'activation': 'tanh', 'alpha': 0.001, 'batch_size': 'auto', 'beta_1': 0.9, 'beta_2': 0.999, 'early_stopping': False, 'epsilon': 1e-08, 'hidden_layer_sizes': (100, 100), 'learning_rate': 'adaptive', 'learning_rate_init': 0.001, 'max_fun': 15000, 'max_iter': 1000, 'momentum': 0.9, 'n_iter_no_change': 10, 'nesterovs_momentum': True, 'power_t': 0.5, 'random_state': 1, 'shuffle': True, 'solver': 'adam', 'tol': 0.0001, 'validation_fraction': 0.1, 'verbose': False, 'warm_start': False}"
XGBoost kbest k:5,0.9608,0.81521,0.69930,0.97718,0.97937,8779,3775,88769,205,0.78,
XGBoost rfe k:5,0.9607,0.81481,0.69877,0.97707,0.97898,8778,3784,88760,206,0.84,"{'objective': 'binary:logistic', 'base_score': None, 'booster': None, 'callbacks': None, 'colsample_bylevel': None, 'colsample_bynode': None, 'colsample_bytree': None, 'device': None, 'early_stopping_rounds': None, 'enable_categorical': False, 'eval_metric': None, 'feature_types': None, 'gamma': None, 'grow_policy': None, 'importance_type': None, 'interaction_constraints': None, 'learning_rate': None, 'max_bin': None, 'max_cat_threshold': None, 'max_cat_to_onehot': None, 'max_delta_step': None, 'max_depth': None, 'max_leaves': None, 'min_child_weight': None, 'missing': nan, 'monotone_constraints': None, 'multi_strategy': None, 'n_estimators': None, 'n_jobs': None, 'num_parallel_tree': None, 'random_state': 1, 'reg_alpha': None, 'reg_lambda': None, 'sampling_method': None, 'scale_pos_weight': None, 'subsample': None, 'tree_method': None, 'validate_parameters': None, 'verbosity': None}"
XGBoost kbest k:10,0.96077,0.81499,0.69932,0.97651,0.97907,8773,3772,88772,211,0.88,
XGBoost rfe k:25,0.96071,0.81475,0.69902,0.97640,0.97902,8772,3777,88767,212,1.35,"{'objective': 'binary:logistic', 'base_score': None, 'booster': None, 'callbacks': None, 'colsample_bylevel': None, 'colsample_bynode': None, 'colsample_bytree': None, 'device': None, 'early_stopping_rounds': None, 'enable_categorical': False, 'eval_metric': None, 'feature_types': None, 'gamma': None, 'grow_policy': None, 'importance_type': None, 'interaction_constraints': None, 'learning_rate': None, 'max_bin': None, 'max_cat_threshold': None, 'max_cat_to_onehot': None, 'max_delta_step': None, 'max_depth': None, 'max_leaves': None, 'min_child_weight': None, 'missing': nan, 'monotone_constraints': None, 'multi_strategy': None, 'n_estimators': None, 'n_jobs': None, 'num_parallel_tree': None, 'random_state': 1, 'reg_alpha': None, 'reg_lambda': None, 'sampling_method': None, 'scale_pos_weight': None, 'subsample': None, 'tree_method': None, 'validate_parameters': None, 'verbosity': None}"
XGBoost rfe k:10,0.96081,0.81509,0.69964,0.97618,0.97910,8770,3765,88779,214,0.94,"{'objective': 'binary:logistic', 'base_score': None, 'booster': None, 'callbacks': None, 'colsample_bylevel': None, 'colsample_bynode': None, 'colsample_bytree': None, 'device': None, 'early_stopping_rounds': None, 'enable_categorical': False, 'eval_metric': None, 'feature_types': None, 'gamma': None, 'grow_policy': None, 'importance_type': None, 'interaction_constraints': None, 'learning_rate': None, 'max_bin': None, 'max_cat_threshold': None, 'max_cat_to_onehot': None, 'max_delta_step': None, 'max_depth': None, 'max_leaves': None, 'min_child_weight': None, 'missing': nan, 'monotone_constraints': None, 'multi_strategy': None, 'n_estimators': None, 'n_jobs': None, 'num_parallel_tree': None, 'random_state': 1, 'reg_alpha': None, 'reg_lambda': None, 'sampling_method': None, 'scale_pos_weight': None, 'subsample': None, 'tree_method': None, 'validate_parameters': None, 'verbosity': None}"
XGBoost rfe k:20,0.9607,0.81464,0.69909,0.97596,0.97896,8768,3774,88770,216,1.27,"{'objective': 'binary:logistic', 'base_score': None, 'booster': None, 'callbacks': None, 'colsample_bylevel': None, 'colsample_bynode': None, 'colsample_bytree': None, 'device': None, 'early_stopping_rounds': None, 'enable_categorical': False, 'eval_metric': None, 'feature_types': None, 'gamma': None, 'grow_policy': None, 'importance_type': None, 'interaction_constraints': None, 'learning_rate': None, 'max_bin': None, 'max_cat_threshold': None, 'max_cat_to_onehot': None, 'max_delta_step': None, 'max_depth': None, 'max_leaves': None, 'min_child_weight': None, 'missing': nan, 'monotone_constraints': None, 'multi_strategy': None, 'n_estimators': None, 'n_jobs': None, 'num_parallel_tree': None, 'random_state': 1, 'reg_alpha': None, 'reg_lambda': None, 'sampling_method': None, 'scale_pos_weight': None, 'subsample': None, 'tree_method': None, 'validate_parameters': None, 'verbosity': None}"
XGBoost CorrelationFiltering,0.96088,0.81529,0.70016,0.97573,0.97893,8766,3754,88790,218,1.42,
XGBoost rfe k:20,0.96075,0.81476,0.69950,0.97551,0.97903,8764,3765,88779,220,1.08,"{'objective': 'binary:logistic', 'base_score': None, 'booster': None, 'callbacks': None, 'colsample_bylevel': None, 'colsample_bynode': None, 'colsample_bytree': None, 'device': None, 'early_stopping_rounds': None, 'enable_categorical': False, 'eval_metric': None, 'feature_types': None, 'gamma': None, 'grow_policy': None, 'importance_type': None, 'interaction_constraints': None, 'learning_rate': None, 'max_bin': None, 'max_cat_threshold': None, 'max_cat_to_onehot': None, 'max_delta_step': None, 'max_depth': None, 'max_leaves': None, 'min_child_weight': None, 'missing': nan, 'monotone_constraints': None, 'multi_strategy': None, 'n_estimators': None, 'n_jobs': None, 'num_parallel_tree': None, 'random_state': 1, 'reg_alpha': None, 'reg_lambda': None, 'sampling_method': None, 'scale_pos_weight': None, 'subsample': None, 'tree_method': None, 'validate_parameters': None, 'verbosity': None}"
XGBoost rfe k:5,0.96056,0.81398,0.69856,0.97507,0.97906,8760,3780,88764,224,0.82,"{'objective': 'binary:logistic', 'base_score': None, 'booster': None, 'callbacks': None, 'colsample_bylevel': None, 'colsample_bynode': None, 'colsample_bytree': None, 'device': None, 'early_stopping_rounds': None, 'enable_categorical': False, 'eval_metric': None, 'feature_types': None, 'gamma': None, 'grow_policy': None, 'importance_type': None, 'interaction_constraints': None, 'learning_rate': None, 'max_bin': None, 'max_cat_threshold': None, 'max_cat_to_onehot': None, 'max_delta_step': None, 'max_depth': None, 'max_leaves': None, 'min_child_weight': None, 'missing': nan, 'monotone_constraints': None, 'multi_strategy': None, 'n_estimators': None, 'n_jobs': None, 'num_parallel_tree': None, 'random_state': 1, 'reg_alpha': None, 'reg_lambda': None, 'sampling_method': None, 'scale_pos_weight': None, 'subsample': None, 'tree_method': None, 'validate_parameters': None, 'verbosity': None}"
XGBoost rfe k:35,0.96075,0.81464,0.69972,0.97473,0.97910,8757,3758,88786,227,1.32,"{'objective': 'binary:logistic', 'base_score': None, 'booster': None, 'callbacks': None, 'colsample_bylevel': None, 'colsample_bynode': None, 'colsample_bytree': None, 'device': None, 'early_stopping_rounds': None, 'enable_categorical': False, 'eval_metric': None, 'feature_types': None, 'gamma': None, 'grow_policy': None, 'importance_type': None, 'interaction_constraints': None, 'learning_rate': None, 'max_bin': None, 'max_cat_threshold': None, 'max_cat_to_onehot': None, 'max_delta_step': None, 'max_depth': None, 'max_leaves': None, 'min_child_weight': None, 'missing': nan, 'monotone_constraints': None, 'multi_strategy': None, 'n_estimators': None, 'n_jobs': None, 'num_parallel_tree': None, 'random_state': 1, 'reg_alpha': None, 'reg_lambda': None, 'sampling_method': None, 'scale_pos_weight': None, 'subsample': None, 'tree_method': None, 'validate_parameters': None, 'verbosity': None}"
XGBoost kbest k:35,0.96055,0.81368,0.69898,0.97340,0.97902,8745,3766,88778,239,1.39,
XGBoost rfe k:10,0.96059,0.81381,0.69924,0.97329,0.97908,8744,3761,88783,240,0.89,"{'objective': 'binary:logistic', 'base_score': None, 'booster': None, 'callbacks': None, 'colsample_bylevel': None, 'colsample_bynode': None, 'colsample_bytree': None, 'device': None, 'early_stopping_rounds': None, 'enable_categorical': False, 'eval_metric': None, 'feature_types': None, 'gamma': None, 'grow_policy': None, 'importance_type': None, 'interaction_constraints': None, 'learning_rate': None, 'max_bin': None, 'max_cat_threshold': None, 'max_cat_to_onehot': None, 'max_delta_step': None, 'max_depth': None, 'max_leaves': None, 'min_child_weight': None, 'missing': nan, 'monotone_constraints': None, 'multi_strategy': None, 'n_estimators': None, 'n_jobs': None, 'num_parallel_tree': None, 'random_state': 1, 'reg_alpha': None, 'reg_lambda': None, 'sampling_method': None, 'scale_pos_weight': None, 'subsample': None, 'tree_method': None, 'validate_parameters': None, 'verbosity': None}"
XGBoost rfe k:35,0.9608,0.81461,0.70042,0.97329,0.97893,8744,3740,88804,240,1.35,"{'objective': 'binary:logistic', 'base_score': None, 'booster': None, 'callbacks': None, 'colsample_bylevel': None, 'colsample_bynode': None, 'colsample_bytree': None, 'device': None, 'early_stopping_rounds': None, 'enable_categorical': False, 'eval_metric': None, 'feature_types': None, 'gamma': None, 'grow_policy': None, 'importance_type': None, 'interaction_constraints': None, 'learning_rate': None, 'max_bin': None, 'max_cat_threshold': None, 'max_cat_to_onehot': None, 'max_delta_step': None, 'max_depth': None, 'max_leaves': None, 'min_child_weight': None, 'missing': nan, 'monotone_constraints': None, 'multi_strategy': None, 'n_estimators': None, 'n_jobs': None, 'num_parallel_tree': None, 'random_state': 1, 'reg_alpha': None, 'reg_lambda': None, 'sampling_method': None, 'scale_pos_weight': None, 'subsample': None, 'tree_method': None, 'validate_parameters': None, 'verbosity': None}"
XGBoost rfe k:30,0.96064,0.81395,0.69962,0.97295,0.97904,8741,3753,88791,243,1.33,"{'objective': 'binary:logistic', 'base_score': None, 'booster': None, 'callbacks': None, 'colsample_bylevel': None, 'colsample_bynode': None, 'colsample_bytree': None, 'device': None, 'early_stopping_rounds': None, 'enable_categorical': False, 'eval_metric': None, 'feature_types': None, 'gamma': None, 'grow_policy': None, 'importance_type': None, 'interaction_constraints': None, 'learning_rate': None, 'max_bin': None, 'max_cat_threshold': None, 'max_cat_to_onehot': None, 'max_delta_step': None, 'max_depth': None, 'max_leaves': None, 'min_child_weight': None, 'missing': nan, 'monotone_constraints': None, 'multi_strategy': None, 'n_estimators': None, 'n_jobs': None, 'num_parallel_tree': None, 'random_state': 1, 'reg_alpha': None, 'reg_lambda': None, 'sampling_method': None, 'scale_pos_weight': None, 'subsample': None, 'tree_method': None, 'validate_parameters': None, 'verbosity': None}"
XGBoost rfe k:40,0.96074,0.81428,0.70027,0.97262,0.97915,8738,3740,88804,246,1.44,"{'objective': 'binary:logistic', 'base_score': None, 'booster': None, 'callbacks': None, 'colsample_bylevel': None, 'colsample_bynode': None, 'colsample_bytree': None, 'device': None, 'early_stopping_rounds': None, 'enable_categorical': False, 'eval_metric': None, 'feature_types': None, 'gamma': None, 'grow_policy': None, 'importance_type': None, 'interaction_constraints': None, 'learning_rate': None, 'max_bin': None, 'max_cat_threshold': None, 'max_cat_to_onehot': None, 'max_delta_step': None, 'max_depth': None, 'max_leaves': None, 'min_child_weight': None, 'missing': nan, 'monotone_constraints': None, 'multi_strategy': None, 'n_estimators': None, 'n_jobs': None, 'num_parallel_tree': None, 'random_state': 1, 'reg_alpha': None, 'reg_lambda': None, 'sampling_method': None, 'scale_pos_weight': None, 'subsample': None, 'tree_method': None, 'validate_parameters': None, 'verbosity': None}"
XGBoost rfe k:10,0.96044,0.81307,0.69872,0.97217,0.97884,8734,3766,88778,250,0.89,"{'objective': 'binary:logistic', 'base_score': None, 'booster': None, 'callbacks': None, 'colsample_bylevel': None, 'colsample_bynode': None, 'colsample_bytree': None, 'device': None, 'early_stopping_rounds': None, 'enable_categorical': False, 'eval_metric': None, 'feature_types': None, 'gamma': None, 'grow_policy': None, 'importance_type': None, 'interaction_constraints': None, 'learning_rate': None, 'max_bin': None, 'max_cat_threshold': None, 'max_cat_to_onehot': None, 'max_delta_step': None, 'max_depth': None, 'max_leaves': None, 'min_child_weight': None, 'missing': nan, 'monotone_constraints': None, 'multi_strategy': None, 'n_estimators': None, 'n_jobs': None, 'num_parallel_tree': None, 'random_state': 1, 'reg_alpha': None, 'reg_lambda': None, 'sampling_method': None, 'scale_pos_weight': None, 'subsample': None, 'tree_method': None, 'validate_parameters': None, 'verbosity': None}"
XGBoost kbest k:40,0.96075,0.81425,0.70046,0.97217,0.97903,8734,3735,88809,250,1.5,
XGBoost vif,0.96062,0.81375,0.69973,0.97217,0.97894,8734,3748,88796,250,1.37,
XGBoost rfe k:40,0.96065,0.81381,0.69999,0.97184,0.97902,8731,3742,88802,253,1.46,"{'objective': 'binary:logistic', 'base_score': None, 'booster': None, 'callbacks': None, 'colsample_bylevel': None, 'colsample_bynode': None, 'colsample_bytree': None, 'device': None, 'early_stopping_rounds': None, 'enable_categorical': False, 'eval_metric': None, 'feature_types': None, 'gamma': None, 'grow_policy': None, 'importance_type': None, 'interaction_constraints': None, 'learning_rate': None, 'max_bin': None, 'max_cat_threshold': None, 'max_cat_to_onehot': None, 'max_delta_step': None, 'max_depth': None, 'max_leaves': None, 'min_child_weight': None, 'missing': nan, 'monotone_constraints': None, 'multi_strategy': None, 'n_estimators': None, 'n_jobs': None, 'num_parallel_tree': None, 'random_state': 1, 'reg_alpha': None, 'reg_lambda': None, 'sampling_method': None, 'scale_pos_weight': None, 'subsample': None, 'tree_method': None, 'validate_parameters': None, 'verbosity': None}"
XGBoost rfe k:15,0.96057,0.81349,0.69958,0.97173,0.97922,8730,3749,88795,254,0.97,"{'objective': 'binary:logistic', 'base_score': None, 'booster': None, 'callbacks': None, 'colsample_bylevel': None, 'colsample_bynode': None, 'colsample_bytree': None, 'device': None, 'early_stopping_rounds': None, 'enable_categorical': False, 'eval_metric': None, 'feature_types': None, 'gamma': None, 'grow_policy': None, 'importance_type': None, 'interaction_constraints': None, 'learning_rate': None, 'max_bin': None, 'max_cat_threshold': None, 'max_cat_to_onehot': None, 'max_delta_step': None, 'max_depth': None, 'max_leaves': None, 'min_child_weight': None, 'missing': nan, 'monotone_constraints': None, 'multi_strategy': None, 'n_estimators': None, 'n_jobs': None, 'num_parallel_tree': None, 'random_state': 1, 'reg_alpha': None, 'reg_lambda': None, 'sampling_method': None, 'scale_pos_weight': None, 'subsample': None, 'tree_method': None, 'validate_parameters': None, 'verbosity': None}"
XGBoost rfe k:15,0.96044,0.81300,0.69885,0.97173,0.97890,8730,3762,88782,254,1.01,"{'objective': 'binary:logistic', 'base_score': None, 'booster': None, 'callbacks': None, 'colsample_bylevel': None, 'colsample_bynode': None, 'colsample_bytree': None, 'device': None, 'early_stopping_rounds': None, 'enable_categorical': False, 'eval_metric': None, 'feature_types': None, 'gamma': None, 'grow_policy': None, 'importance_type': None, 'interaction_constraints': None, 'learning_rate': None, 'max_bin': None, 'max_cat_threshold': None, 'max_cat_to_onehot': None, 'max_delta_step': None, 'max_depth': None, 'max_leaves': None, 'min_child_weight': None, 'missing': nan, 'monotone_constraints': None, 'multi_strategy': None, 'n_estimators': None, 'n_jobs': None, 'num_parallel_tree': None, 'random_state': 1, 'reg_alpha': None, 'reg_lambda': None, 'sampling_method': None, 'scale_pos_weight': None, 'subsample': None, 'tree_method': None, 'validate_parameters': None, 'verbosity': None}"
XGBoost rfe k:35,0.9605,0.81318,0.69928,0.97139,0.97890,8727,3753,88791,257,1.6,"{'objective': 'binary:logistic', 'base_score': None, 'booster': None, 'callbacks': None, 'colsample_bylevel': None, 'colsample_bynode': None, 'colsample_bytree': None, 'device': None, 'early_stopping_rounds': None, 'enable_categorical': False, 'eval_metric': None, 'feature_types': None, 'gamma': None, 'grow_policy': None, 'importance_type': None, 'interaction_constraints': None, 'learning_rate': None, 'max_bin': None, 'max_cat_threshold': None, 'max_cat_to_onehot': None, 'max_delta_step': None, 'max_depth': None, 'max_leaves': None, 'min_child_weight': None, 'missing': nan, 'monotone_constraints': None, 'multi_strategy': None, 'n_estimators': None, 'n_jobs': None, 'num_parallel_tree': None, 'random_state': 1, 'reg_alpha': None, 'reg_lambda': None, 'sampling_method': None, 'scale_pos_weight': None, 'subsample': None, 'tree_method': None, 'validate_parameters': None, 'verbosity': None}"
XGBoost rfe k:25,0.9607,0.81392,0.70043,0.97128,0.97903,8726,3732,88812,258,1.14,"{'objective': 'binary:logistic', 'base_score': None, 'booster': None, 'callbacks': None, 'colsample_bylevel': None, 'colsample_bynode': None, 'colsample_bytree': None, 'device': None, 'early_stopping_rounds': None, 'enable_categorical': False, 'eval_metric': None, 'feature_types': None, 'gamma': None, 'grow_policy': None, 'importance_type': None, 'interaction_constraints': None, 'learning_rate': None, 'max_bin': None, 'max_cat_threshold': None, 'max_cat_to_onehot': None, 'max_delta_step': None, 'max_depth': None, 'max_leaves': None, 'min_child_weight': None, 'missing': nan, 'monotone_constraints': None, 'multi_strategy': None, 'n_estimators': None, 'n_jobs': None, 'num_parallel_tree': None, 'random_state': 1, 'reg_alpha': None, 'reg_lambda': None, 'sampling_method': None, 'scale_pos_weight': None, 'subsample': None, 'tree_method': None, 'validate_parameters': None, 'verbosity': None}"
XGBoost rfe k:10,0.96036,0.81259,0.69847,0.97128,0.97904,8726,3767,88777,258,0.94,"{'objective': 'binary:logistic', 'base_score': None, 'booster': None, 'callbacks': None, 'colsample_bylevel': None, 'colsample_bynode': None, 'colsample_bytree': None, 'device': None, 'early_stopping_rounds': None, 'enable_categorical': False, 'eval_metric': None, 'feature_types': None, 'gamma': None, 'grow_policy': None, 'importance_type': None, 'interaction_constraints': None, 'learning_rate': None, 'max_bin': None, 'max_cat_threshold': None, 'max_cat_to_onehot': None, 'max_delta_step': None, 'max_depth': None, 'max_leaves': None, 'min_child_weight': None, 'missing': nan, 'monotone_constraints': None, 'multi_strategy': None, 'n_estimators': None, 'n_jobs': None, 'num_parallel_tree': None, 'random_state': 1, 'reg_alpha': None, 'reg_lambda': None, 'sampling_method': None, 'scale_pos_weight': None, 'subsample': None, 'tree_method': None, 'validate_parameters': None, 'verbosity': None}"
XGBoost rfe k:20,0.96034,0.81244,0.69849,0.97084,0.97891,8722,3765,88779,262,1.15,"{'objective': 'binary:logistic', 'base_score': None, 'booster': None, 'callbacks': None, 'colsample_bylevel': None, 'colsample_bynode': None, 'colsample_bytree': None, 'device': None, 'early_stopping_rounds': None, 'enable_categorical': False, 'eval_metric': None, 'feature_types': None, 'gamma': None, 'grow_policy': None, 'importance_type': None, 'interaction_constraints': None, 'learning_rate': None, 'max_bin': None, 'max_cat_threshold': None, 'max_cat_to_onehot': None, 'max_delta_step': None, 'max_depth': None, 'max_leaves': None, 'min_child_weight': None, 'missing': nan, 'monotone_constraints': None, 'multi_strategy': None, 'n_estimators': None, 'n_jobs': None, 'num_parallel_tree': None, 'random_state': 1, 'reg_alpha': None, 'reg_lambda': None, 'sampling_method': None, 'scale_pos_weight': None, 'subsample': None, 'tree_method': None, 'validate_parameters': None, 'verbosity': None}"
XGBoost kbest k:15,0.96048,0.81300,0.69936,0.97073,0.97924,8721,3749,88795,263,1.01,
XGBoost rfe k:40,0.96041,0.81259,0.69922,0.96984,0.97887,8713,3748,88796,271,1.47,"{'objective': 'binary:logistic', 'base_score': None, 'booster': None, 'callbacks': None, 'colsample_bylevel': None, 'colsample_bynode': None, 'colsample_bytree': None, 'device': None, 'early_stopping_rounds': None, 'enable_categorical': False, 'eval_metric': None, 'feature_types': None, 'gamma': None, 'grow_policy': None, 'importance_type': None, 'interaction_constraints': None, 'learning_rate': None, 'max_bin': None, 'max_cat_threshold': None, 'max_cat_to_onehot': None, 'max_delta_step': None, 'max_depth': None, 'max_leaves': None, 'min_child_weight': None, 'missing': nan, 'monotone_constraints': None, 'multi_strategy': None, 'n_estimators': None, 'n_jobs': None, 'num_parallel_tree': None, 'random_state': 1, 'reg_alpha': None, 'reg_lambda': None, 'sampling_method': None, 'scale_pos_weight': None, 'subsample': None, 'tree_method': None, 'validate_parameters': None, 'verbosity': None}"
XGBoost Base,0.96057,0.81318,0.70015,0.96972,0.97894,8712,3731,88813,272,1.61,
XGBoost rfe k:15,0.96044,0.81267,0.69945,0.96961,0.97904,8711,3743,88801,273,0.99,"{'objective': 'binary:logistic', 'base_score': None, 'booster': None, 'callbacks': None, 'colsample_bylevel': None, 'colsample_bynode': None, 'colsample_bytree': None, 'device': None, 'early_stopping_rounds': None, 'enable_categorical': False, 'eval_metric': None, 'feature_types': None, 'gamma': None, 'grow_policy': None, 'importance_type': None, 'interaction_constraints': None, 'learning_rate': None, 'max_bin': None, 'max_cat_threshold': None, 'max_cat_to_onehot': None, 'max_delta_step': None, 'max_depth': None, 'max_leaves': None, 'min_child_weight': None, 'missing': nan, 'monotone_constraints': None, 'multi_strategy': None, 'n_estimators': None, 'n_jobs': None, 'num_parallel_tree': None, 'random_state': 1, 'reg_alpha': None, 'reg_lambda': None, 'sampling_method': None, 'scale_pos_weight': None, 'subsample': None, 'tree_method': None, 'validate_parameters': None, 'verbosity': None}"
XGBoost rfe k:15,0.96028,0.81199,0.69856,0.96939,0.97900,8709,3758,88786,275,0.98,"{'objective': 'binary:logistic', 'base_score': None, 'booster': None, 'callbacks': None, 'colsample_bylevel': None, 'colsample_bynode': None, 'colsample_bytree': None, 'device': None, 'early_stopping_rounds': None, 'enable_categorical': False, 'eval_metric': None, 'feature_types': None, 'gamma': None, 'grow_policy': None, 'importance_type': None, 'interaction_constraints': None, 'learning_rate': None, 'max_bin': None, 'max_cat_threshold': None, 'max_cat_to_onehot': None, 'max_delta_step': None, 'max_depth': None, 'max_leaves': None, 'min_child_weight': None, 'missing': nan, 'monotone_constraints': None, 'multi_strategy': None, 'n_estimators': None, 'n_jobs': None, 'num_parallel_tree': None, 'random_state': 1, 'reg_alpha': None, 'reg_lambda': None, 'sampling_method': None, 'scale_pos_weight': None, 'subsample': None, 'tree_method': None, 'validate_parameters': None, 'verbosity': None}"
XGBoost kbest k:25,0.96046,0.81269,0.69966,0.96928,0.97896,8708,3738,88806,276,1.19,
XGBoost rfe k:20,0.96046,0.81266,0.69973,0.96906,0.97917,8706,3736,88808,278,1.11,"{'objective': 'binary:logistic', 'base_score': None, 'booster': None, 'callbacks': None, 'colsample_bylevel': None, 'colsample_bynode': None, 'colsample_bytree': None, 'device': None, 'early_stopping_rounds': None, 'enable_categorical': False, 'eval_metric': None, 'feature_types': None, 'gamma': None, 'grow_policy': None, 'importance_type': None, 'interaction_constraints': None, 'learning_rate': None, 'max_bin': None, 'max_cat_threshold': None, 'max_cat_to_onehot': None, 'max_delta_step': None, 'max_depth': None, 'max_leaves': None, 'min_child_weight': None, 'missing': nan, 'monotone_constraints': None, 'multi_strategy': None, 'n_estimators': None, 'n_jobs': None, 'num_parallel_tree': None, 'random_state': 1, 'reg_alpha': None, 'reg_lambda': None, 'sampling_method': None, 'scale_pos_weight': None, 'subsample': None, 'tree_method': None, 'validate_parameters': None, 'verbosity': None}"
XGBoost rfe k:40,0.96056,0.81302,0.70032,0.96894,0.97902,8705,3725,88819,279,1.44,"{'objective': 'binary:logistic', 'base_score': None, 'booster': None, 'callbacks': None, 'colsample_bylevel': None, 'colsample_bynode': None, 'colsample_bytree': None, 'device': None, 'early_stopping_rounds': None, 'enable_categorical': False, 'eval_metric': None, 'feature_types': None, 'gamma': None, 'grow_policy': None, 'importance_type': None, 'interaction_constraints': None, 'learning_rate': None, 'max_bin': None, 'max_cat_threshold': None, 'max_cat_to_onehot': None, 'max_delta_step': None, 'max_depth': None, 'max_leaves': None, 'min_child_weight': None, 'missing': nan, 'monotone_constraints': None, 'multi_strategy': None, 'n_estimators': None, 'n_jobs': None, 'num_parallel_tree': None, 'random_state': 1, 'reg_alpha': None, 'reg_lambda': None, 'sampling_method': None, 'scale_pos_weight': None, 'subsample': None, 'tree_method': None, 'validate_parameters': None, 'verbosity': None}"
XGBoost rfe k:40,0.96047,0.81266,0.69985,0.96883,0.97908,8704,3733,88811,280,1.41,"{'objective': 'binary:logistic', 'base_score': None, 'booster': None, 'callbacks': None, 'colsample_bylevel': None, 'colsample_bynode': None, 'colsample_bytree': None, 'device': None, 'early_stopping_rounds': None, 'enable_categorical': False, 'eval_metric': None, 'feature_types': None, 'gamma': None, 'grow_policy': None, 'importance_type': None, 'interaction_constraints': None, 'learning_rate': None, 'max_bin': None, 'max_cat_threshold': None, 'max_cat_to_onehot': None, 'max_delta_step': None, 'max_depth': None, 'max_leaves': None, 'min_child_weight': None, 'missing': nan, 'monotone_constraints': None, 'multi_strategy': None, 'n_estimators': None, 'n_jobs': None, 'num_parallel_tree': None, 'random_state': 1, 'reg_alpha': None, 'reg_lambda': None, 'sampling_method': None, 'scale_pos_weight': None, 'subsample': None, 'tree_method': None, 'validate_parameters': None, 'verbosity': None}"
XGBoost rfe k:25,0.96039,0.81227,0.69944,0.96850,0.97892,8701,3739,88805,283,1.19,"{'objective': 'binary:logistic', 'base_score': None, 'booster': None, 'callbacks': None, 'colsample_bylevel': None, 'colsample_bynode': None, 'colsample_bytree': None, 'device': None, 'early_stopping_rounds': None, 'enable_categorical': False, 'eval_metric': None, 'feature_types': None, 'gamma': None, 'grow_policy': None, 'importance_type': None, 'interaction_constraints': None, 'learning_rate': None, 'max_bin': None, 'max_cat_threshold': None, 'max_cat_to_onehot': None, 'max_delta_step': None, 'max_depth': None, 'max_leaves': None, 'min_child_weight': None, 'missing': nan, 'monotone_constraints': None, 'multi_strategy': None, 'n_estimators': None, 'n_jobs': None, 'num_parallel_tree': None, 'random_state': 1, 'reg_alpha': None, 'reg_lambda': None, 'sampling_method': None, 'scale_pos_weight': None, 'subsample': None, 'tree_method': None, 'validate_parameters': None, 'verbosity': None}"
XGBoost rfe k:35,0.96041,0.81224,0.69974,0.96783,0.97893,8695,3731,88813,289,1.32,"{'objective': 'binary:logistic', 'base_score': None, 'booster': None, 'callbacks': None, 'colsample_bylevel': None, 'colsample_bynode': None, 'colsample_bytree': None, 'device': None, 'early_stopping_rounds': None, 'enable_categorical': False, 'eval_metric': None, 'feature_types': None, 'gamma': None, 'grow_policy': None, 'importance_type': None, 'interaction_constraints': None, 'learning_rate': None, 'max_bin': None, 'max_cat_threshold': None, 'max_cat_to_onehot': None, 'max_delta_step': None, 'max_depth': None, 'max_leaves': None, 'min_child_weight': None, 'missing': nan, 'monotone_constraints': None, 'multi_strategy': None, 'n_estimators': None, 'n_jobs': None, 'num_parallel_tree': None, 'random_state': 1, 'reg_alpha': None, 'reg_lambda': None, 'sampling_method': None, 'scale_pos_weight': None, 'subsample': None, 'tree_method': None, 'validate_parameters': None, 'verbosity': None}"
XGBoost VarThreshold,0.96023,0.81154,0.69876,0.96772,0.97905,8694,3748,88796,290,1.21,
XGBoost rfe k:30,0.96029,0.81175,0.69913,0.96761,0.97905,8693,3741,88803,291,1.27,"{'objective': 'binary:logistic', 'base_score': None, 'booster': None, 'callbacks': None, 'colsample_bylevel': None, 'colsample_bynode': None, 'colsample_bytree': None, 'device': None, 'early_stopping_rounds': None, 'enable_categorical': False, 'eval_metric': None, 'feature_types': None, 'gamma': None, 'grow_policy': None, 'importance_type': None, 'interaction_constraints': None, 'learning_rate': None, 'max_bin': None, 'max_cat_threshold': None, 'max_cat_to_onehot': None, 'max_delta_step': None, 'max_depth': None, 'max_leaves': None, 'min_child_weight': None, 'missing': nan, 'monotone_constraints': None, 'multi_strategy': None, 'n_estimators': None, 'n_jobs': None, 'num_parallel_tree': None, 'random_state': 1, 'reg_alpha': None, 'reg_lambda': None, 'sampling_method': None, 'scale_pos_weight': None, 'subsample': None, 'tree_method': None, 'validate_parameters': None, 'verbosity': None}"
XGBoost rfe k:30,0.96039,0.81213,0.69969,0.96761,0.97869,8693,3731,88813,291,1.67,"{'objective': 'binary:logistic', 'base_score': None, 'booster': None, 'callbacks': None, 'colsample_bylevel': None, 'colsample_bynode': None, 'colsample_bytree': None, 'device': None, 'early_stopping_rounds': None, 'enable_categorical': False, 'eval_metric': None, 'feature_types': None, 'gamma': None, 'grow_policy': None, 'importance_type': None, 'interaction_constraints': None, 'learning_rate': None, 'max_bin': None, 'max_cat_threshold': None, 'max_cat_to_onehot': None, 'max_delta_step': None, 'max_depth': None, 'max_leaves': None, 'min_child_weight': None, 'missing': nan, 'monotone_constraints': None, 'multi_strategy': None, 'n_estimators': None, 'n_jobs': None, 'num_parallel_tree': None, 'random_state': 1, 'reg_alpha': None, 'reg_lambda': None, 'sampling_method': None, 'scale_pos_weight': None, 'subsample': None, 'tree_method': None, 'validate_parameters': None, 'verbosity': None}"
XGBoost kbest k:20,0.96021,0.81143,0.69871,0.96750,0.97908,8692,3748,88796,292,1.1,
XGBoost rfe k:35,0.96026,0.81160,0.69903,0.96739,0.97901,8691,3742,88802,293,1.38,"{'objective': 'binary:logistic', 'base_score': None, 'booster': None, 'callbacks': None, 'colsample_bylevel': None, 'colsample_bynode': None, 'colsample_bytree': None, 'device': None, 'early_stopping_rounds': None, 'enable_categorical': False, 'eval_metric': None, 'feature_types': None, 'gamma': None, 'grow_policy': None, 'importance_type': None, 'interaction_constraints': None, 'learning_rate': None, 'max_bin': None, 'max_cat_threshold': None, 'max_cat_to_onehot': None, 'max_delta_step': None, 'max_depth': None, 'max_leaves': None, 'min_child_weight': None, 'missing': nan, 'monotone_constraints': None, 'multi_strategy': None, 'n_estimators': None, 'n_jobs': None, 'num_parallel_tree': None, 'random_state': 1, 'reg_alpha': None, 'reg_lambda': None, 'sampling_method': None, 'scale_pos_weight': None, 'subsample': None, 'tree_method': None, 'validate_parameters': None, 'verbosity': None}"
XGBoost rfe k:30,0.96041,0.81215,0.69990,0.96728,0.97899,8690,3726,88818,294,1.26,"{'objective': 'binary:logistic', 'base_score': None, 'booster': None, 'callbacks': None, 'colsample_bylevel': None, 'colsample_bynode': None, 'colsample_bytree': None, 'device': None, 'early_stopping_rounds': None, 'enable_categorical': False, 'eval_metric': None, 'feature_types': None, 'gamma': None, 'grow_policy': None, 'importance_type': None, 'interaction_constraints': None, 'learning_rate': None, 'max_bin': None, 'max_cat_threshold': None, 'max_cat_to_onehot': None, 'max_delta_step': None, 'max_depth': None, 'max_leaves': None, 'min_child_weight': None, 'missing': nan, 'monotone_constraints': None, 'multi_strategy': None, 'n_estimators': None, 'n_jobs': None, 'num_parallel_tree': None, 'random_state': 1, 'reg_alpha': None, 'reg_lambda': None, 'sampling_method': None, 'scale_pos_weight': None, 'subsample': None, 'tree_method': None, 'validate_parameters': None, 'verbosity': None}"
XGBoost kbest k:30,0.96039,0.81202,0.69989,0.96694,0.97906,8687,3725,88819,297,1.37,
XGBoost rfe k:25,0.9602,0.81119,0.69901,0.96627,0.97892,8681,3738,88806,303,1.27,"{'objective': 'binary:logistic', 'base_score': None, 'booster': None, 'callbacks': None, 'colsample_bylevel': None, 'colsample_bynode': None, 'colsample_bytree': None, 'device': None, 'early_stopping_rounds': None, 'enable_categorical': False, 'eval_metric': None, 'feature_types': None, 'gamma': None, 'grow_policy': None, 'importance_type': None, 'interaction_constraints': None, 'learning_rate': None, 'max_bin': None, 'max_cat_threshold': None, 'max_cat_to_onehot': None, 'max_delta_step': None, 'max_depth': None, 'max_leaves': None, 'min_child_weight': None, 'missing': nan, 'monotone_constraints': None, 'multi_strategy': None, 'n_estimators': None, 'n_jobs': None, 'num_parallel_tree': None, 'random_state': 1, 'reg_alpha': None, 'reg_lambda': None, 'sampling_method': None, 'scale_pos_weight': None, 'subsample': None, 'tree_method': None, 'validate_parameters': None, 'verbosity': None}"
XGBoost rfe k:25,0.96022,0.81120,0.69925,0.96583,0.97892,8677,3732,88812,307,1.18,"{'objective': 'binary:logistic', 'base_score': None, 'booster': None, 'callbacks': None, 'colsample_bylevel': None, 'colsample_bynode': None, 'colsample_bytree': None, 'device': None, 'early_stopping_rounds': None, 'enable_categorical': False, 'eval_metric': None, 'feature_types': None, 'gamma': None, 'grow_policy': None, 'importance_type': None, 'interaction_constraints': None, 'learning_rate': None, 'max_bin': None, 'max_cat_threshold': None, 'max_cat_to_onehot': None, 'max_delta_step': None, 'max_depth': None, 'max_leaves': None, 'min_child_weight': None, 'missing': nan, 'monotone_constraints': None, 'multi_strategy': None, 'n_estimators': None, 'n_jobs': None, 'num_parallel_tree': None, 'random_state': 1, 'reg_alpha': None, 'reg_lambda': None, 'sampling_method': None, 'scale_pos_weight': None, 'subsample': None, 'tree_method': None, 'validate_parameters': None, 'verbosity': None}"
XGBoost rfe k:20,0.96006,0.81004,0.69934,0.96238,0.97906,8646,3717,88827,338,1.13,"{'objective': 'binary:logistic', 'base_score': None, 'booster': None, 'callbacks': None, 'colsample_bylevel': None, 'colsample_bynode': None, 'colsample_bytree': None, 'device': None, 'early_stopping_rounds': None, 'enable_categorical': False, 'eval_metric': None, 'feature_types': None, 'gamma': None, 'grow_policy': None, 'importance_type': None, 'interaction_constraints': None, 'learning_rate': None, 'max_bin': None, 'max_cat_threshold': None, 'max_cat_to_onehot': None, 'max_delta_step': None, 'max_depth': None, 'max_leaves': None, 'min_child_weight': None, 'missing': nan, 'monotone_constraints': None, 'multi_strategy': None, 'n_estimators': None, 'n_jobs': None, 'num_parallel_tree': None, 'random_state': 1, 'reg_alpha': None, 'reg_lambda': None, 'sampling_method': None, 'scale_pos_weight': None, 'subsample': None, 'tree_method': None, 'validate_parameters': None, 'verbosity': None}"
Neural Networks CorrelationFiltering,0.95989,0.80854,0.69993,0.95703,0.97893,8598,3686,88858,386,43.6,
Neural Networks kbest k:25,0.95963,0.80722,0.69892,0.95525,0.97900,8582,3697,88847,402,37.01,
Neural Networks vif,0.95966,0.80661,0.70039,0.95080,0.97922,8542,3654,88890,442,43.8,
Neural Networks VarThreshold,0.95957,0.80579,0.70073,0.94791,0.97932,8516,3637,88907,468,40.79,
Neural Networks kbest k:35,0.95905,0.80283,0.69936,0.94223,0.97901,8465,3639,88905,519,51.9,
Neural Networks Base,0.95915,0.80285,0.70069,0.93989,0.97916,8444,3607,88937,540,55.66,
Neural Networks kbest k:40,0.95822,0.79643,0.70002,0.92364,0.97898,8298,3556,88988,686,69.96,
Random Forest rfe k:10,0.95311,0.75666,0.69956,0.82391,0.97912,7402,3179,89365,1582,11.58,"{'bootstrap': True, 'ccp_alpha': 0.0, 'class_weight': None, 'criterion': 'gini', 'max_depth': None, 'max_features': 'sqrt', 'max_leaf_nodes': None, 'max_samples': None, 'min_impurity_decrease': 0.0, 'min_samples_leaf': 1, 'min_samples_split': 2, 'min_weight_fraction_leaf': 0.0, 'monotonic_cst': None, 'n_estimators': 100, 'n_jobs': None, 'oob_score': False, 'random_state': 1, 'verbose': 0, 'warm_start': False}"
Random Forest kbest k:5,0.953,0.75618,0.69890,0.82369,0.97906,7400,3188,89356,1584,10.41,
Random Forest rfe k:10,0.95302,0.75623,0.69907,0.82358,0.97910,7399,3185,89359,1585,10.17,"{'bootstrap': True, 'ccp_alpha': 0.0, 'class_weight': None, 'criterion': 'gini', 'max_depth': None, 'max_features': 'sqrt', 'max_leaf_nodes': None, 'max_samples': None, 'min_impurity_decrease': 0.0, 'min_samples_leaf': 1, 'min_samples_split': 2, 'min_weight_fraction_leaf': 0.0, 'monotonic_cst': None, 'n_estimators': 100, 'n_jobs': None, 'oob_score': False, 'random_state': 1, 'verbose': 0, 'warm_start': False}"
Random Forest rfe k:30,0.95308,0.75639,0.69958,0.82324,0.97900,7396,3176,89368,1588,12.46,"{'bootstrap': True, 'ccp_alpha': 0.0, 'class_weight': None, 'criterion': 'gini', 'max_depth': None, 'max_features': 'sqrt', 'max_leaf_nodes': None, 'max_samples': None, 'min_impurity_decrease': 0.0, 'min_samples_leaf': 1, 'min_samples_split': 2, 'min_weight_fraction_leaf': 0.0, 'monotonic_cst': None, 'n_estimators': 100, 'n_jobs': None, 'oob_score': False, 'random_state': 1, 'verbose': 0, 'warm_start': False}"
Random Forest rfe k:10,0.95301,0.75605,0.69923,0.82291,0.97907,7393,3180,89364,1591,10.99,"{'bootstrap': True, 'ccp_alpha': 0.0, 'class_weight': None, 'criterion': 'gini', 'max_depth': None, 'max_features': 'sqrt', 'max_leaf_nodes': None, 'max_samples': None, 'min_impurity_decrease': 0.0, 'min_samples_leaf': 1, 'min_samples_split': 2, 'min_weight_fraction_leaf': 0.0, 'monotonic_cst': None, 'n_estimators': 100, 'n_jobs': None, 'oob_score': False, 'random_state': 1, 'verbose': 0, 'warm_start': False}"
Random Forest rfe k:15,0.95303,0.75607,0.69944,0.82268,0.97910,7391,3176,89368,1593,10.78,"{'bootstrap': True, 'ccp_alpha': 0.0, 'class_weight': None, 'criterion': 'gini', 'max_depth': None, 'max_features': 'sqrt', 'max_leaf_nodes': None, 'max_samples': None, 'min_impurity_decrease': 0.0, 'min_samples_leaf': 1, 'min_samples_split': 2, 'min_weight_fraction_leaf': 0.0, 'monotonic_cst': None, 'n_estimators': 100, 'n_jobs': None, 'oob_score': False, 'random_state': 1, 'verbose': 0, 'warm_start': False}"
Random Forest rfe k:5,0.95295,0.75574,0.69895,0.82257,0.97893,7390,3183,89361,1594,10.84,"{'bootstrap': True, 'ccp_alpha': 0.0, 'class_weight': None, 'criterion': 'gini', 'max_depth': None, 'max_features': 'sqrt', 'max_leaf_nodes': None, 'max_samples': None, 'min_impurity_decrease': 0.0, 'min_samples_leaf': 1, 'min_samples_split': 2, 'min_weight_fraction_leaf': 0.0, 'monotonic_cst': None, 'n_estimators': 100, 'n_jobs': None, 'oob_score': False, 'random_state': 1, 'verbose': 0, 'warm_start': False}"
Random Forest rfe k:10,0.95296,0.75575,0.69905,0.82246,0.97912,7389,3181,89363,1595,10.47,"{'bootstrap': True, 'ccp_alpha': 0.0, 'class_weight': None, 'criterion': 'gini', 'max_depth': None, 'max_features': 'sqrt', 'max_leaf_nodes': None, 'max_samples': None, 'min_impurity_decrease': 0.0, 'min_samples_leaf': 1, 'min_samples_split': 2, 'min_weight_fraction_leaf': 0.0, 'monotonic_cst': None, 'n_estimators': 100, 'n_jobs': None, 'oob_score': False, 'random_state': 1, 'verbose': 0, 'warm_start': False}"
Random Forest rfe k:15,0.95302,0.75596,0.69949,0.82235,0.97913,7388,3174,89370,1596,10.07,"{'bootstrap': True, 'ccp_alpha': 0.0, 'class_weight': None, 'criterion': 'gini', 'max_depth': None, 'max_features': 'sqrt', 'max_leaf_nodes': None, 'max_samples': None, 'min_impurity_decrease': 0.0, 'min_samples_leaf': 1, 'min_samples_split': 2, 'min_weight_fraction_leaf': 0.0, 'monotonic_cst': None, 'n_estimators': 100, 'n_jobs': None, 'oob_score': False, 'random_state': 1, 'verbose': 0, 'warm_start': False}"
Random Forest kbest k:10,0.95302,0.75591,0.69956,0.82213,0.97910,7386,3172,89372,1598,10.29,
Random Forest rfe k:25,0.95301,0.75587,0.69950,0.82213,0.97905,7386,3173,89371,1598,12.07,"{'bootstrap': True, 'ccp_alpha': 0.0, 'class_weight': None, 'criterion': 'gini', 'max_depth': None, 'max_features': 'sqrt', 'max_leaf_nodes': None, 'max_samples': None, 'min_impurity_decrease': 0.0, 'min_samples_leaf': 1, 'min_samples_split': 2, 'min_weight_fraction_leaf': 0.0, 'monotonic_cst': None, 'n_estimators': 100, 'n_jobs': None, 'oob_score': False, 'random_state': 1, 'verbose': 0, 'warm_start': False}"
Random Forest rfe k:20,0.953,0.75583,0.69943,0.82213,0.97907,7386,3174,89370,1598,13.62,"{'bootstrap': True, 'ccp_alpha': 0.0, 'class_weight': None, 'criterion': 'gini', 'max_depth': None, 'max_features': 'sqrt', 'max_leaf_nodes': None, 'max_samples': None, 'min_impurity_decrease': 0.0, 'min_samples_leaf': 1, 'min_samples_split': 2, 'min_weight_fraction_leaf': 0.0, 'monotonic_cst': None, 'n_estimators': 100, 'n_jobs': None, 'oob_score': False, 'random_state': 1, 'verbose': 0, 'warm_start': False}"
Random Forest rfe k:10,0.95294,0.75560,0.69903,0.82213,0.97884,7386,3180,89364,1598,10.71,"{'bootstrap': True, 'ccp_alpha': 0.0, 'class_weight': None, 'criterion': 'gini', 'max_depth': None, 'max_features': 'sqrt', 'max_leaf_nodes': None, 'max_samples': None, 'min_impurity_decrease': 0.0, 'min_samples_leaf': 1, 'min_samples_split': 2, 'min_weight_fraction_leaf': 0.0, 'monotonic_cst': None, 'n_estimators': 100, 'n_jobs': None, 'oob_score': False, 'random_state': 1, 'verbose': 0, 'warm_start': False}"
Random Forest rfe k:25,0.95287,0.75533,0.69857,0.82213,0.97911,7386,3187,89357,1598,11.94,"{'bootstrap': True, 'ccp_alpha': 0.0, 'class_weight': None, 'criterion': 'gini', 'max_depth': None, 'max_features': 'sqrt', 'max_leaf_nodes': None, 'max_samples': None, 'min_impurity_decrease': 0.0, 'min_samples_leaf': 1, 'min_samples_split': 2, 'min_weight_fraction_leaf': 0.0, 'monotonic_cst': None, 'n_estimators': 100, 'n_jobs': None, 'oob_score': False, 'random_state': 1, 'verbose': 0, 'warm_start': False}"
Random Forest rfe k:40,0.95297,0.75567,0.69931,0.82191,0.97914,7384,3175,89369,1600,13.43,"{'bootstrap': True, 'ccp_alpha': 0.0, 'class_weight': None, 'criterion': 'gini', 'max_depth': None, 'max_features': 'sqrt', 'max_leaf_nodes': None, 'max_samples': None, 'min_impurity_decrease': 0.0, 'min_samples_leaf': 1, 'min_samples_split': 2, 'min_weight_fraction_leaf': 0.0, 'monotonic_cst': None, 'n_estimators': 100, 'n_jobs': None, 'oob_score': False, 'random_state': 1, 'verbose': 0, 'warm_start': False}"
Random Forest rfe k:20,0.953,0.75576,0.69955,0.82179,0.97910,7383,3171,89373,1601,11.49,"{'bootstrap': True, 'ccp_alpha': 0.0, 'class_weight': None, 'criterion': 'gini', 'max_depth': None, 'max_features': 'sqrt', 'max_leaf_nodes': None, 'max_samples': None, 'min_impurity_decrease': 0.0, 'min_samples_leaf': 1, 'min_samples_split': 2, 'min_weight_fraction_leaf': 0.0, 'monotonic_cst': None, 'n_estimators': 100, 'n_jobs': None, 'oob_score': False, 'random_state': 1, 'verbose': 0, 'warm_start': False}"
Random Forest rfe k:25,0.95287,0.75526,0.69868,0.82179,0.97910,7383,3184,89360,1601,12.11,"{'bootstrap': True, 'ccp_alpha': 0.0, 'class_weight': None, 'criterion': 'gini', 'max_depth': None, 'max_features': 'sqrt', 'max_leaf_nodes': None, 'max_samples': None, 'min_impurity_decrease': 0.0, 'min_samples_leaf': 1, 'min_samples_split': 2, 'min_weight_fraction_leaf': 0.0, 'monotonic_cst': None, 'n_estimators': 100, 'n_jobs': None, 'oob_score': False, 'random_state': 1, 'verbose': 0, 'warm_start': False}"
Random Forest rfe k:30,0.95292,0.75540,0.69909,0.82157,0.97898,7381,3177,89367,1603,12.3,"{'bootstrap': True, 'ccp_alpha': 0.0, 'class_weight': None, 'criterion': 'gini', 'max_depth': None, 'max_features': 'sqrt', 'max_leaf_nodes': None, 'max_samples': None, 'min_impurity_decrease': 0.0, 'min_samples_leaf': 1, 'min_samples_split': 2, 'min_weight_fraction_leaf': 0.0, 'monotonic_cst': None, 'n_estimators': 100, 'n_jobs': None, 'oob_score': False, 'random_state': 1, 'verbose': 0, 'warm_start': False}"
Random Forest rfe k:5,0.95293,0.75541,0.69919,0.82146,0.97906,7380,3175,89369,1604,10.49,"{'bootstrap': True, 'ccp_alpha': 0.0, 'class_weight': None, 'criterion': 'gini', 'max_depth': None, 'max_features': 'sqrt', 'max_leaf_nodes': None, 'max_samples': None, 'min_impurity_decrease': 0.0, 'min_samples_leaf': 1, 'min_samples_split': 2, 'min_weight_fraction_leaf': 0.0, 'monotonic_cst': None, 'n_estimators': 100, 'n_jobs': None, 'oob_score': False, 'random_state': 1, 'verbose': 0, 'warm_start': False}"
Random Forest rfe k:15,0.95293,0.75541,0.69919,0.82146,0.97910,7380,3175,89369,1604,10.25,"{'bootstrap': True, 'ccp_alpha': 0.0, 'class_weight': None, 'criterion': 'gini', 'max_depth': None, 'max_features': 'sqrt', 'max_leaf_nodes': None, 'max_samples': None, 'min_impurity_decrease': 0.0, 'min_samples_leaf': 1, 'min_samples_split': 2, 'min_weight_fraction_leaf': 0.0, 'monotonic_cst': None, 'n_estimators': 100, 'n_jobs': None, 'oob_score': False, 'random_state': 1, 'verbose': 0, 'warm_start': False}"
Random Forest rfe k:20,0.95284,0.75504,0.69864,0.82135,0.97908,7379,3183,89361,1605,12.23,"{'bootstrap': True, 'ccp_alpha': 0.0, 'class_weight': None, 'criterion': 'gini', 'max_depth': None, 'max_features': 'sqrt', 'max_leaf_nodes': None, 'max_samples': None, 'min_impurity_decrease': 0.0, 'min_samples_leaf': 1, 'min_samples_split': 2, 'min_weight_fraction_leaf': 0.0, 'monotonic_cst': None, 'n_estimators': 100, 'n_jobs': None, 'oob_score': False, 'random_state': 1, 'verbose': 0, 'warm_start': False}"
Random Forest rfe k:30,0.95298,0.75553,0.69964,0.82113,0.97906,7377,3167,89377,1607,12.01,"{'bootstrap': True, 'ccp_alpha': 0.0, 'class_weight': None, 'criterion': 'gini', 'max_depth': None, 'max_features': 'sqrt', 'max_leaf_nodes': None, 'max_samples': None, 'min_impurity_decrease': 0.0, 'min_samples_leaf': 1, 'min_samples_split': 2, 'min_weight_fraction_leaf': 0.0, 'monotonic_cst': None, 'n_estimators': 100, 'n_jobs': None, 'oob_score': False, 'random_state': 1, 'verbose': 0, 'warm_start': False}"
Random Forest rfe k:35,0.95298,0.75548,0.69972,0.82090,0.97886,7375,3165,89379,1609,13.47,"{'bootstrap': True, 'ccp_alpha': 0.0, 'class_weight': None, 'criterion': 'gini', 'max_depth': None, 'max_features': 'sqrt', 'max_leaf_nodes': None, 'max_samples': None, 'min_impurity_decrease': 0.0, 'min_samples_leaf': 1, 'min_samples_split': 2, 'min_weight_fraction_leaf': 0.0, 'monotonic_cst': None, 'n_estimators': 100, 'n_jobs': None, 'oob_score': False, 'random_state': 1, 'verbose': 0, 'warm_start': False}"
Random Forest VarThreshold,0.9529,0.75517,0.69918,0.82090,0.97911,7375,3173,89371,1609,12.05,
Random Forest rfe k:5,0.9529,0.75517,0.69918,0.82090,0.97904,7375,3173,89371,1609,10.57,"{'bootstrap': True, 'ccp_alpha': 0.0, 'class_weight': None, 'criterion': 'gini', 'max_depth': None, 'max_features': 'sqrt', 'max_leaf_nodes': None, 'max_samples': None, 'min_impurity_decrease': 0.0, 'min_samples_leaf': 1, 'min_samples_split': 2, 'min_weight_fraction_leaf': 0.0, 'monotonic_cst': None, 'n_estimators': 100, 'n_jobs': None, 'oob_score': False, 'random_state': 1, 'verbose': 0, 'warm_start': False}"
Random Forest rfe k:25,0.95281,0.75475,0.69870,0.82057,0.97894,7372,3179,89365,1612,12.45,"{'bootstrap': True, 'ccp_alpha': 0.0, 'class_weight': None, 'criterion': 'gini', 'max_depth': None, 'max_features': 'sqrt', 'max_leaf_nodes': None, 'max_samples': None, 'min_impurity_decrease': 0.0, 'min_samples_leaf': 1, 'min_samples_split': 2, 'min_weight_fraction_leaf': 0.0, 'monotonic_cst': None, 'n_estimators': 100, 'n_jobs': None, 'oob_score': False, 'random_state': 1, 'verbose': 0, 'warm_start': False}"
Random Forest rfe k:5,0.9529,0.75510,0.69930,0.82057,0.97900,7372,3170,89374,1612,11.02,"{'bootstrap': True, 'ccp_alpha': 0.0, 'class_weight': None, 'criterion': 'gini', 'max_depth': None, 'max_features': 'sqrt', 'max_leaf_nodes': None, 'max_samples': None, 'min_impurity_decrease': 0.0, 'min_samples_leaf': 1, 'min_samples_split': 2, 'min_weight_fraction_leaf': 0.0, 'monotonic_cst': None, 'n_estimators': 100, 'n_jobs': None, 'oob_score': False, 'random_state': 1, 'verbose': 0, 'warm_start': False}"
Random Forest kbest k:25,0.9529,0.75510,0.69930,0.82057,0.97908,7372,3170,89374,1612,12.02,
Random Forest kbest k:20,0.95286,0.75492,0.69907,0.82046,0.97907,7371,3173,89371,1613,11.14,
Random Forest rfe k:40,0.95287,0.75495,0.69914,0.82046,0.97893,7371,3172,89372,1613,13.78,"{'bootstrap': True, 'ccp_alpha': 0.0, 'class_weight': None, 'criterion': 'gini', 'max_depth': None, 'max_features': 'sqrt', 'max_leaf_nodes': None, 'max_samples': None, 'min_impurity_decrease': 0.0, 'min_samples_leaf': 1, 'min_samples_split': 2, 'min_weight_fraction_leaf': 0.0, 'monotonic_cst': None, 'n_estimators': 100, 'n_jobs': None, 'oob_score': False, 'random_state': 1, 'verbose': 0, 'warm_start': False}"
Random Forest vif,0.9529,0.75507,0.69934,0.82046,0.97911,7371,3169,89375,1613,15.82,
Random Forest rfe k:15,0.9528,0.75466,0.69871,0.82035,0.97909,7370,3178,89366,1614,10.29,"{'bootstrap': True, 'ccp_alpha': 0.0, 'class_weight': None, 'criterion': 'gini', 'max_depth': None, 'max_features': 'sqrt', 'max_leaf_nodes': None, 'max_samples': None, 'min_impurity_decrease': 0.0, 'min_samples_leaf': 1, 'min_samples_split': 2, 'min_weight_fraction_leaf': 0.0, 'monotonic_cst': None, 'n_estimators': 100, 'n_jobs': None, 'oob_score': False, 'random_state': 1, 'verbose': 0, 'warm_start': False}"
Random Forest rfe k:25,0.95279,0.75462,0.69864,0.82035,0.97911,7370,3179,89365,1614,13.18,"{'bootstrap': True, 'ccp_alpha': 0.0, 'class_weight': None, 'criterion': 'gini', 'max_depth': None, 'max_features': 'sqrt', 'max_leaf_nodes': None, 'max_samples': None, 'min_impurity_decrease': 0.0, 'min_samples_leaf': 1, 'min_samples_split': 2, 'min_weight_fraction_leaf': 0.0, 'monotonic_cst': None, 'n_estimators': 100, 'n_jobs': None, 'oob_score': False, 'random_state': 1, 'verbose': 0, 'warm_start': False}"
Random Forest kbest k:35,0.9529,0.75505,0.69937,0.82035,0.97909,7370,3168,89376,1614,13.63,
Random Forest rfe k:40,0.95285,0.75478,0.69916,0.82001,0.97911,7367,3170,89374,1617,13.83,"{'bootstrap': True, 'ccp_alpha': 0.0, 'class_weight': None, 'criterion': 'gini', 'max_depth': None, 'max_features': 'sqrt', 'max_leaf_nodes': None, 'max_samples': None, 'min_impurity_decrease': 0.0, 'min_samples_leaf': 1, 'min_samples_split': 2, 'min_weight_fraction_leaf': 0.0, 'monotonic_cst': None, 'n_estimators': 100, 'n_jobs': None, 'oob_score': False, 'random_state': 1, 'verbose': 0, 'warm_start': False}"
Random Forest CorrelationFiltering,0.95286,0.75482,0.69922,0.82001,0.97909,7367,3169,89375,1617,15.97,
Random Forest rfe k:30,0.95286,0.75474,0.69934,0.81968,0.97909,7364,3166,89378,1620,13.4,"{'bootstrap': True, 'ccp_alpha': 0.0, 'class_weight': None, 'criterion': 'gini', 'max_depth': None, 'max_features': 'sqrt', 'max_leaf_nodes': None, 'max_samples': None, 'min_impurity_decrease': 0.0, 'min_samples_leaf': 1, 'min_samples_split': 2, 'min_weight_fraction_leaf': 0.0, 'monotonic_cst': None, 'n_estimators': 100, 'n_jobs': None, 'oob_score': False, 'random_state': 1, 'verbose': 0, 'warm_start': False}"
Random Forest rfe k:35,0.9527,0.75412,0.69827,0.81968,0.97909,7364,3182,89362,1620,12.9,"{'bootstrap': True, 'ccp_alpha': 0.0, 'class_weight': None, 'criterion': 'gini', 'max_depth': None, 'max_features': 'sqrt', 'max_leaf_nodes': None, 'max_samples': None, 'min_impurity_decrease': 0.0, 'min_samples_leaf': 1, 'min_samples_split': 2, 'min_weight_fraction_leaf': 0.0, 'monotonic_cst': None, 'n_estimators': 100, 'n_jobs': None, 'oob_score': False, 'random_state': 1, 'verbose': 0, 'warm_start': False}"
Random Forest rfe k:35,0.95284,0.75464,0.69924,0.81957,0.97899,7363,3167,89377,1621,14.92,"{'bootstrap': True, 'ccp_alpha': 0.0, 'class_weight': None, 'criterion': 'gini', 'max_depth': None, 'max_features': 'sqrt', 'max_leaf_nodes': None, 'max_samples': None, 'min_impurity_decrease': 0.0, 'min_samples_leaf': 1, 'min_samples_split': 2, 'min_weight_fraction_leaf': 0.0, 'monotonic_cst': None, 'n_estimators': 100, 'n_jobs': None, 'oob_score': False, 'random_state': 1, 'verbose': 0, 'warm_start': False}"
Random Forest rfe k:20,0.95278,0.75441,0.69884,0.81957,0.97897,7363,3173,89371,1621,11.02,"{'bootstrap': True, 'ccp_alpha': 0.0, 'class_weight': None, 'criterion': 'gini', 'max_depth': None, 'max_features': 'sqrt', 'max_leaf_nodes': None, 'max_samples': None, 'min_impurity_decrease': 0.0, 'min_samples_leaf': 1, 'min_samples_split': 2, 'min_weight_fraction_leaf': 0.0, 'monotonic_cst': None, 'n_estimators': 100, 'n_jobs': None, 'oob_score': False, 'random_state': 1, 'verbose': 0, 'warm_start': False}"
Random Forest kbest k:15,0.9528,0.75448,0.69897,0.81957,0.97908,7363,3171,89373,1621,10.21,
Random Forest rfe k:15,0.95281,0.75450,0.69908,0.81946,0.97897,7362,3169,89375,1622,12.25,"{'bootstrap': True, 'ccp_alpha': 0.0, 'class_weight': None, 'criterion': 'gini', 'max_depth': None, 'max_features': 'sqrt', 'max_leaf_nodes': None, 'max_samples': None, 'min_impurity_decrease': 0.0, 'min_samples_leaf': 1, 'min_samples_split': 2, 'min_weight_fraction_leaf': 0.0, 'monotonic_cst': None, 'n_estimators': 100, 'n_jobs': None, 'oob_score': False, 'random_state': 1, 'verbose': 0, 'warm_start': False}"
Random Forest rfe k:35,0.95271,0.75411,0.69842,0.81946,0.97911,7362,3179,89365,1622,12.64,"{'bootstrap': True, 'ccp_alpha': 0.0, 'class_weight': None, 'criterion': 'gini', 'max_depth': None, 'max_features': 'sqrt', 'max_leaf_nodes': None, 'max_samples': None, 'min_impurity_decrease': 0.0, 'min_samples_leaf': 1, 'min_samples_split': 2, 'min_weight_fraction_leaf': 0.0, 'monotonic_cst': None, 'n_estimators': 100, 'n_jobs': None, 'oob_score': False, 'random_state': 1, 'verbose': 0, 'warm_start': False}"
Random Forest Base,0.95282,0.75446,0.69926,0.81912,0.97911,7359,3165,89379,1625,16.0,
Random Forest kbest k:30,0.95275,0.75419,0.69879,0.81912,0.97903,7359,3172,89372,1625,12.93,
Random Forest rfe k:20,0.95278,0.75425,0.69907,0.81890,0.97907,7357,3167,89377,1627,11.64,"{'bootstrap': True, 'ccp_alpha': 0.0, 'class_weight': None, 'criterion': 'gini', 'max_depth': None, 'max_features': 'sqrt', 'max_leaf_nodes': None, 'max_samples': None, 'min_impurity_decrease': 0.0, 'min_samples_leaf': 1, 'min_samples_split': 2, 'min_weight_fraction_leaf': 0.0, 'monotonic_cst': None, 'n_estimators': 100, 'n_jobs': None, 'oob_score': False, 'random_state': 1, 'verbose': 0, 'warm_start': False}"
Random Forest rfe k:30,0.95271,0.75398,0.69860,0.81890,0.97886,7357,3174,89370,1627,11.84,"{'bootstrap': True, 'ccp_alpha': 0.0, 'class_weight': None, 'criterion': 'gini', 'max_depth': None, 'max_features': 'sqrt', 'max_leaf_nodes': None, 'max_samples': None, 'min_impurity_decrease': 0.0, 'min_samples_leaf': 1, 'min_samples_split': 2, 'min_weight_fraction_leaf': 0.0, 'monotonic_cst': None, 'n_estimators': 100, 'n_jobs': None, 'oob_score': False, 'random_state': 1, 'verbose': 0, 'warm_start': False}"
Random Forest rfe k:40,0.95279,0.75427,0.69917,0.81879,0.97896,7356,3165,89379,1628,14.2,"{'bootstrap': True, 'ccp_alpha': 0.0, 'class_weight': None, 'criterion': 'gini', 'max_depth': None, 'max_features': 'sqrt', 'max_leaf_nodes': None, 'max_samples': None, 'min_impurity_decrease': 0.0, 'min_samples_leaf': 1, 'min_samples_split': 2, 'min_weight_fraction_leaf': 0.0, 'monotonic_cst': None, 'n_estimators': 100, 'n_jobs': None, 'oob_score': False, 'random_state': 1, 'verbose': 0, 'warm_start': False}"
Random Forest kbest k:40,0.95284,0.75446,0.69951,0.81879,0.97895,7356,3160,89384,1628,14.51,
Random Forest rfe k:40,0.95269,0.75376,0.69870,0.81823,0.97902,7351,3170,89374,1633,14.38,"{'bootstrap': True, 'ccp_alpha': 0.0, 'class_weight': None, 'criterion': 'gini', 'max_depth': None, 'max_features': 'sqrt', 'max_leaf_nodes': None, 'max_samples': None, 'min_impurity_decrease': 0.0, 'min_samples_leaf': 1, 'min_samples_split': 2, 'min_weight_fraction_leaf': 0.0, 'monotonic_cst': None, 'n_estimators': 100, 'n_jobs': None, 'oob_score': False, 'random_state': 1, 'verbose': 0, 'warm_start': False}"
Random Forest rfe k:35,0.95281,0.75422,0.69950,0.81823,0.97910,7351,3158,89386,1633,14.87,"{'bootstrap': True, 'ccp_alpha': 0.0, 'class_weight': None, 'criterion': 'gini', 'max_depth': None, 'max_features': 'sqrt', 'max_leaf_nodes': None, 'max_samples': None, 'min_impurity_decrease': 0.0, 'min_samples_leaf': 1, 'min_samples_split': 2, 'min_weight_fraction_leaf': 0.0, 'monotonic_cst': None, 'n_estimators': 100, 'n_jobs': None, 'oob_score': False, 'random_state': 1, 'verbose': 0, 'warm_start': False}"
k-Nearest Neighbors kbest k:5,0.95261,0.75322,0.69851,0.81723,0.97598,7342,3169,89375,1642,8.27,
k-Nearest Neighbors kbest k:10,0.95026,0.73660,0.69307,0.78595,0.97216,7061,3127,89417,1923,22.54,
Random Forest rfe k:5,0.94803,0.72484,0.68194,0.77349,0.97310,6949,3241,89303,2035,11.35,"{'bootstrap': True, 'ccp_alpha': 0.0, 'class_weight': None, 'criterion': 'gini', 'max_depth': None, 'max_features': 'sqrt', 'max_leaf_nodes': None, 'max_samples': None, 'min_impurity_decrease': 0.0, 'min_samples_leaf': 1, 'min_samples_split': 2, 'min_weight_fraction_leaf': 0.0, 'monotonic_cst': None, 'n_estimators': 100, 'n_jobs': None, 'oob_score': False, 'random_state': 1, 'verbose': 0, 'warm_start': False}"
k-Nearest Neighbors kbest k:15,0.94666,0.71296,0.68060,0.74855,0.96756,6725,3156,89388,2259,48.97,
Decision Tree rfe k:30,0.94868,0.71810,0.69867,0.73865,0.95585,6636,2862,89682,2348,0.67,"{'ccp_alpha': 0.0, 'class_weight': None, 'criterion': 'gini', 'max_depth': None, 'max_features': None, 'max_leaf_nodes': None, 'min_impurity_decrease': 0.0, 'min_samples_leaf': 1, 'min_samples_split': 2, 'min_weight_fraction_leaf': 0.0, 'monotonic_cst': None, 'random_state': 1, 'splitter': 'best'}"
Decision Tree kbest k:35,0.94867,0.71803,0.69864,0.73854,0.95616,6635,2862,89682,2349,0.78,
Decision Tree rfe k:5,0.94868,0.71807,0.69872,0.73854,0.95601,6635,2861,89683,2349,0.43,"{'ccp_alpha': 0.0, 'class_weight': None, 'criterion': 'gini', 'max_depth': None, 'max_features': None, 'max_leaf_nodes': None, 'min_impurity_decrease': 0.0, 'min_samples_leaf': 1, 'min_samples_split': 2, 'min_weight_fraction_leaf': 0.0, 'monotonic_cst': None, 'random_state': 1, 'splitter': 'best'}"
Decision Tree rfe k:20,0.94868,0.71804,0.69876,0.73842,0.95577,6634,2860,89684,2350,0.62,"{'ccp_alpha': 0.0, 'class_weight': None, 'criterion': 'gini', 'max_depth': None, 'max_features': None, 'max_leaf_nodes': None, 'min_impurity_decrease': 0.0, 'min_samples_leaf': 1, 'min_samples_split': 2, 'min_weight_fraction_leaf': 0.0, 'monotonic_cst': None, 'random_state': 1, 'splitter': 'best'}"
Decision Tree rfe k:15,0.94868,0.71798,0.69884,0.73820,0.95593,6632,2858,89686,2352,0.52,"{'ccp_alpha': 0.0, 'class_weight': None, 'criterion': 'gini', 'max_depth': None, 'max_features': None, 'max_leaf_nodes': None, 'min_impurity_decrease': 0.0, 'min_samples_leaf': 1, 'min_samples_split': 2, 'min_weight_fraction_leaf': 0.0, 'monotonic_cst': None, 'random_state': 1, 'splitter': 'best'}"
Decision Tree kbest k:25,0.94862,0.71771,0.69833,0.73820,0.95613,6632,2865,89679,2352,0.63,
Decision Tree kbest k:5,0.94866,0.71787,0.69874,0.73809,0.95618,6631,2859,89685,2353,0.44,
Decision Tree rfe k:25,0.9486,0.71760,0.69822,0.73809,0.95596,6631,2866,89678,2353,0.66,"{'ccp_alpha': 0.0, 'class_weight': None, 'criterion': 'gini', 'max_depth': None, 'max_features': None, 'max_leaf_nodes': None, 'min_impurity_decrease': 0.0, 'min_samples_leaf': 1, 'min_samples_split': 2, 'min_weight_fraction_leaf': 0.0, 'monotonic_cst': None, 'random_state': 1, 'splitter': 'best'}"
Decision Tree rfe k:15,0.94871,0.71804,0.69915,0.73798,0.95592,6630,2853,89691,2354,0.51,"{'ccp_alpha': 0.0, 'class_weight': None, 'criterion': 'gini', 'max_depth': None, 'max_features': None, 'max_leaf_nodes': None, 'min_impurity_decrease': 0.0, 'min_samples_leaf': 1, 'min_samples_split': 2, 'min_weight_fraction_leaf': 0.0, 'monotonic_cst': None, 'random_state': 1, 'splitter': 'best'}"
Decision Tree rfe k:35,0.94863,0.71770,0.69860,0.73787,0.95580,6629,2860,89684,2355,0.71,"{'ccp_alpha': 0.0, 'class_weight': None, 'criterion': 'gini', 'max_depth': None, 'max_features': None, 'max_leaf_nodes': None, 'min_impurity_decrease': 0.0, 'min_samples_leaf': 1, 'min_samples_split': 2, 'min_weight_fraction_leaf': 0.0, 'monotonic_cst': None, 'random_state': 1, 'splitter': 'best'}"
Decision Tree rfe k:30,0.94869,0.71793,0.69904,0.73787,0.95563,6629,2854,89690,2355,0.64,"{'ccp_alpha': 0.0, 'class_weight': None, 'criterion': 'gini', 'max_depth': None, 'max_features': None, 'max_leaf_nodes': None, 'min_impurity_decrease': 0.0, 'min_samples_leaf': 1, 'min_samples_split': 2, 'min_weight_fraction_leaf': 0.0, 'monotonic_cst': None, 'random_state': 1, 'splitter': 'best'}"
Decision Tree rfe k:5,0.9486,0.71751,0.69835,0.73776,0.95610,6628,2863,89681,2356,0.45,"{'ccp_alpha': 0.0, 'class_weight': None, 'criterion': 'gini', 'max_depth': None, 'max_features': None, 'max_leaf_nodes': None, 'min_impurity_decrease': 0.0, 'min_samples_leaf': 1, 'min_samples_split': 2, 'min_weight_fraction_leaf': 0.0, 'monotonic_cst': None, 'random_state': 1, 'splitter': 'best'}"
Decision Tree rfe k:40,0.94867,0.71782,0.69893,0.73776,0.95623,6628,2855,89689,2356,0.78,"{'ccp_alpha': 0.0, 'class_weight': None, 'criterion': 'gini', 'max_depth': None, 'max_features': None, 'max_leaf_nodes': None, 'min_impurity_decrease': 0.0, 'min_samples_leaf': 1, 'min_samples_split': 2, 'min_weight_fraction_leaf': 0.0, 'monotonic_cst': None, 'random_state': 1, 'splitter': 'best'}"
Decision Tree rfe k:35,0.94863,0.71763,0.69868,0.73764,0.95563,6627,2858,89686,2357,0.68,"{'ccp_alpha': 0.0, 'class_weight': None, 'criterion': 'gini', 'max_depth': None, 'max_features': None, 'max_leaf_nodes': None, 'min_impurity_decrease': 0.0, 'min_samples_leaf': 1, 'min_samples_split': 2, 'min_weight_fraction_leaf': 0.0, 'monotonic_cst': None, 'random_state': 1, 'splitter': 'best'}"
Decision Tree rfe k:35,0.94861,0.71752,0.69846,0.73764,0.95612,6627,2861,89683,2357,0.72,"{'ccp_alpha': 0.0, 'class_weight': None, 'criterion': 'gini', 'max_depth': None, 'max_features': None, 'max_leaf_nodes': None, 'min_impurity_decrease': 0.0, 'min_samples_leaf': 1, 'min_samples_split': 2, 'min_weight_fraction_leaf': 0.0, 'monotonic_cst': None, 'random_state': 1, 'splitter': 'best'}"
Decision Tree VarThreshold,0.94852,0.71717,0.69780,0.73764,0.95593,6627,2870,89674,2357,0.64,
Decision Tree rfe k:10,0.94851,0.71710,0.69777,0.73753,0.95639,6626,2870,89674,2358,0.49,"{'ccp_alpha': 0.0, 'class_weight': None, 'criterion': 'gini', 'max_depth': None, 'max_features': None, 'max_leaf_nodes': None, 'min_impurity_decrease': 0.0, 'min_samples_leaf': 1, 'min_samples_split': 2, 'min_weight_fraction_leaf': 0.0, 'monotonic_cst': None, 'random_state': 1, 'splitter': 'best'}"
Decision Tree rfe k:25,0.94866,0.71769,0.69899,0.73742,0.95591,6625,2853,89691,2359,0.6,"{'ccp_alpha': 0.0, 'class_weight': None, 'criterion': 'gini', 'max_depth': None, 'max_features': None, 'max_leaf_nodes': None, 'min_impurity_decrease': 0.0, 'min_samples_leaf': 1, 'min_samples_split': 2, 'min_weight_fraction_leaf': 0.0, 'monotonic_cst': None, 'random_state': 1, 'splitter': 'best'}"
Decision Tree kbest k:40,0.9486,0.71742,0.69847,0.73742,0.95572,6625,2860,89684,2359,0.79,
Decision Tree CorrelationFiltering,0.94863,0.71750,0.69873,0.73731,0.95583,6624,2856,89688,2360,0.95,
Decision Tree rfe k:20,0.94851,0.71704,0.69785,0.73731,0.95581,6624,2868,89676,2360,0.54,"{'ccp_alpha': 0.0, 'class_weight': None, 'criterion': 'gini', 'max_depth': None, 'max_features': None, 'max_leaf_nodes': None, 'min_impurity_decrease': 0.0, 'min_samples_leaf': 1, 'min_samples_split': 2, 'min_weight_fraction_leaf': 0.0, 'monotonic_cst': None, 'random_state': 1, 'splitter': 'best'}"
Decision Tree rfe k:5,0.9486,0.71739,0.69851,0.73731,0.95606,6624,2859,89685,2360,0.43,"{'ccp_alpha': 0.0, 'class_weight': None, 'criterion': 'gini', 'max_depth': None, 'max_features': None, 'max_leaf_nodes': None, 'min_impurity_decrease': 0.0, 'min_samples_leaf': 1, 'min_samples_split': 2, 'min_weight_fraction_leaf': 0.0, 'monotonic_cst': None, 'random_state': 1, 'splitter': 'best'}"
Decision Tree rfe k:35,0.94869,0.71775,0.69929,0.73720,0.95575,6623,2848,89696,2361,0.93,"{'ccp_alpha': 0.0, 'class_weight': None, 'criterion': 'gini', 'max_depth': None, 'max_features': None, 'max_leaf_nodes': None, 'min_impurity_decrease': 0.0, 'min_samples_leaf': 1, 'min_samples_split': 2, 'min_weight_fraction_leaf': 0.0, 'monotonic_cst': None, 'random_state': 1, 'splitter': 'best'}"
Decision Tree rfe k:10,0.94858,0.71728,0.69841,0.73720,0.95522,6623,2860,89684,2361,0.45,"{'ccp_alpha': 0.0, 'class_weight': None, 'criterion': 'gini', 'max_depth': None, 'max_features': None, 'max_leaf_nodes': None, 'min_impurity_decrease': 0.0, 'min_samples_leaf': 1, 'min_samples_split': 2, 'min_weight_fraction_leaf': 0.0, 'monotonic_cst': None, 'random_state': 1, 'splitter': 'best'}"
Decision Tree rfe k:30,0.94861,0.71737,0.69867,0.73709,0.95584,6622,2856,89688,2362,0.76,"{'ccp_alpha': 0.0, 'class_weight': None, 'criterion': 'gini', 'max_depth': None, 'max_features': None, 'max_leaf_nodes': None, 'min_impurity_decrease': 0.0, 'min_samples_leaf': 1, 'min_samples_split': 2, 'min_weight_fraction_leaf': 0.0, 'monotonic_cst': None, 'random_state': 1, 'splitter': 'best'}"
Decision Tree Base,0.94861,0.71737,0.69867,0.73709,0.95550,6622,2856,89688,2362,0.98,
Decision Tree rfe k:20,0.94863,0.71744,0.69882,0.73709,0.95597,6622,2854,89690,2362,0.59,"{'ccp_alpha': 0.0, 'class_weight': None, 'criterion': 'gini', 'max_depth': None, 'max_features': None, 'max_leaf_nodes': None, 'min_impurity_decrease': 0.0, 'min_samples_leaf': 1, 'min_samples_split': 2, 'min_weight_fraction_leaf': 0.0, 'monotonic_cst': None, 'random_state': 1, 'splitter': 'best'}"
Decision Tree kbest k:10,0.9486,0.71730,0.69864,0.73698,0.95562,6621,2856,89688,2363,0.48,
Decision Tree rfe k:40,0.94859,0.71720,0.69865,0.73675,0.95604,6619,2855,89689,2365,0.76,"{'ccp_alpha': 0.0, 'class_weight': None, 'criterion': 'gini', 'max_depth': None, 'max_features': None, 'max_leaf_nodes': None, 'min_impurity_decrease': 0.0, 'min_samples_leaf': 1, 'min_samples_split': 2, 'min_weight_fraction_leaf': 0.0, 'monotonic_cst': None, 'random_state': 1, 'splitter': 'best'}"
Decision Tree kbest k:30,0.94844,0.71658,0.69759,0.73664,0.95609,6618,2869,89675,2366,0.69,
k-Nearest Neighbors kbest k:20,0.945,0.70326,0.67287,0.73653,0.96261,6617,3217,89327,2367,51.87,
Decision Tree vif,0.94856,0.71702,0.69851,0.73653,0.95611,6617,2856,89688,2367,0.94,
Decision Tree rfe k:25,0.94848,0.71671,0.69792,0.73653,0.95576,6617,2864,89680,2367,0.64,"{'ccp_alpha': 0.0, 'class_weight': None, 'criterion': 'gini', 'max_depth': None, 'max_features': None, 'max_leaf_nodes': None, 'min_impurity_decrease': 0.0, 'min_samples_leaf': 1, 'min_samples_split': 2, 'min_weight_fraction_leaf': 0.0, 'monotonic_cst': None, 'random_state': 1, 'splitter': 'best'}"
Decision Tree rfe k:40,0.94858,0.71710,0.69866,0.73653,0.95586,6617,2854,89690,2367,0.75,"{'ccp_alpha': 0.0, 'class_weight': None, 'criterion': 'gini', 'max_depth': None, 'max_features': None, 'max_leaf_nodes': None, 'min_impurity_decrease': 0.0, 'min_samples_leaf': 1, 'min_samples_split': 2, 'min_weight_fraction_leaf': 0.0, 'monotonic_cst': None, 'random_state': 1, 'splitter': 'best'}"
Decision Tree rfe k:30,0.9485,0.71678,0.69807,0.73653,0.95547,6617,2862,89682,2367,0.65,"{'ccp_alpha': 0.0, 'class_weight': None, 'criterion': 'gini', 'max_depth': None, 'max_features': None, 'max_leaf_nodes': None, 'min_impurity_decrease': 0.0, 'min_samples_leaf': 1, 'min_samples_split': 2, 'min_weight_fraction_leaf': 0.0, 'monotonic_cst': None, 'random_state': 1, 'splitter': 'best'}"
Decision Tree rfe k:15,0.94853,0.71687,0.69833,0.73642,0.95583,6616,2858,89686,2368,0.53,"{'ccp_alpha': 0.0, 'class_weight': None, 'criterion': 'gini', 'max_depth': None, 'max_features': None, 'max_leaf_nodes': None, 'min_impurity_decrease': 0.0, 'min_samples_leaf': 1, 'min_samples_split': 2, 'min_weight_fraction_leaf': 0.0, 'monotonic_cst': None, 'random_state': 1, 'splitter': 'best'}"
Decision Tree rfe k:40,0.94847,0.71655,0.69802,0.73609,0.95565,6613,2861,89683,2371,0.74,"{'ccp_alpha': 0.0, 'class_weight': None, 'criterion': 'gini', 'max_depth': None, 'max_features': None, 'max_leaf_nodes': None, 'min_impurity_decrease': 0.0, 'min_samples_leaf': 1, 'min_samples_split': 2, 'min_weight_fraction_leaf': 0.0, 'monotonic_cst': None, 'random_state': 1, 'splitter': 'best'}"
Decision Tree rfe k:10,0.94852,0.71674,0.69838,0.73609,0.95559,6613,2856,89688,2371,0.49,"{'ccp_alpha': 0.0, 'class_weight': None, 'criterion': 'gini', 'max_depth': None, 'max_features': None, 'max_leaf_nodes': None, 'min_impurity_decrease': 0.0, 'min_samples_leaf': 1, 'min_samples_split': 2, 'min_weight_fraction_leaf': 0.0, 'monotonic_cst': None, 'random_state': 1, 'splitter': 'best'}"
Decision Tree rfe k:30,0.94852,0.71671,0.69843,0.73598,0.95557,6612,2855,89689,2372,0.67,"{'ccp_alpha': 0.0, 'class_weight': None, 'criterion': 'gini', 'max_depth': None, 'max_features': None, 'max_leaf_nodes': None, 'min_impurity_decrease': 0.0, 'min_samples_leaf': 1, 'min_samples_split': 2, 'min_weight_fraction_leaf': 0.0, 'monotonic_cst': None, 'random_state': 1, 'splitter': 'best'}"
Decision Tree rfe k:10,0.94846,0.71648,0.69798,0.73598,0.95546,6612,2861,89683,2372,0.48,"{'ccp_alpha': 0.0, 'class_weight': None, 'criterion': 'gini', 'max_depth': None, 'max_features': None, 'max_leaf_nodes': None, 'min_impurity_decrease': 0.0, 'min_samples_leaf': 1, 'min_samples_split': 2, 'min_weight_fraction_leaf': 0.0, 'monotonic_cst': None, 'random_state': 1, 'splitter': 'best'}"
Decision Tree rfe k:40,0.94857,0.71690,0.69880,0.73598,0.95547,6612,2850,89694,2372,0.8,"{'ccp_alpha': 0.0, 'class_weight': None, 'criterion': 'gini', 'max_depth': None, 'max_features': None, 'max_leaf_nodes': None, 'min_impurity_decrease': 0.0, 'min_samples_leaf': 1, 'min_samples_split': 2, 'min_weight_fraction_leaf': 0.0, 'monotonic_cst': None, 'random_state': 1, 'splitter': 'best'}"
Decision Tree rfe k:35,0.94859,0.71695,0.69898,0.73586,0.95597,6611,2847,89697,2373,0.7,"{'ccp_alpha': 0.0, 'class_weight': None, 'criterion': 'gini', 'max_depth': None, 'max_features': None, 'max_leaf_nodes': None, 'min_impurity_decrease': 0.0, 'min_samples_leaf': 1, 'min_samples_split': 2, 'min_weight_fraction_leaf': 0.0, 'monotonic_cst': None, 'random_state': 1, 'splitter': 'best'}"
Decision Tree rfe k:20,0.94847,0.71645,0.69814,0.73575,0.95590,6610,2858,89686,2374,0.58,"{'ccp_alpha': 0.0, 'class_weight': None, 'criterion': 'gini', 'max_depth': None, 'max_features': None, 'max_leaf_nodes': None, 'min_impurity_decrease': 0.0, 'min_samples_leaf': 1, 'min_samples_split': 2, 'min_weight_fraction_leaf': 0.0, 'monotonic_cst': None, 'random_state': 1, 'splitter': 'best'}"
Decision Tree rfe k:15,0.94848,0.71646,0.69826,0.73564,0.95624,6609,2856,89688,2375,0.56,"{'ccp_alpha': 0.0, 'class_weight': None, 'criterion': 'gini', 'max_depth': None, 'max_features': None, 'max_leaf_nodes': None, 'min_impurity_decrease': 0.0, 'min_samples_leaf': 1, 'min_samples_split': 2, 'min_weight_fraction_leaf': 0.0, 'monotonic_cst': None, 'random_state': 1, 'splitter': 'best'}"
Decision Tree kbest k:15,0.94842,0.71620,0.69786,0.73553,0.95525,6608,2861,89683,2376,0.53,
Decision Tree rfe k:20,0.94839,0.71605,0.69768,0.73542,0.95546,6607,2863,89681,2377,0.6,"{'ccp_alpha': 0.0, 'class_weight': None, 'criterion': 'gini', 'max_depth': None, 'max_features': None, 'max_leaf_nodes': None, 'min_impurity_decrease': 0.0, 'min_samples_leaf': 1, 'min_samples_split': 2, 'min_weight_fraction_leaf': 0.0, 'monotonic_cst': None, 'random_state': 1, 'splitter': 'best'}"
Decision Tree rfe k:5,0.94849,0.71644,0.69841,0.73542,0.95595,6607,2853,89691,2377,0.43,"{'ccp_alpha': 0.0, 'class_weight': None, 'criterion': 'gini', 'max_depth': None, 'max_features': None, 'max_leaf_nodes': None, 'min_impurity_decrease': 0.0, 'min_samples_leaf': 1, 'min_samples_split': 2, 'min_weight_fraction_leaf': 0.0, 'monotonic_cst': None, 'random_state': 1, 'splitter': 'best'}"
Decision Tree rfe k:15,0.94857,0.71666,0.69913,0.73508,0.95563,6604,2842,89702,2380,0.54,"{'ccp_alpha': 0.0, 'class_weight': None, 'criterion': 'gini', 'max_depth': None, 'max_features': None, 'max_leaf_nodes': None, 'min_impurity_decrease': 0.0, 'min_samples_leaf': 1, 'min_samples_split': 2, 'min_weight_fraction_leaf': 0.0, 'monotonic_cst': None, 'random_state': 1, 'splitter': 'best'}"
Decision Tree rfe k:25,0.94847,0.71624,0.69843,0.73497,0.95580,6603,2851,89693,2381,0.63,"{'ccp_alpha': 0.0, 'class_weight': None, 'criterion': 'gini', 'max_depth': None, 'max_features': None, 'max_leaf_nodes': None, 'min_impurity_decrease': 0.0, 'min_samples_leaf': 1, 'min_samples_split': 2, 'min_weight_fraction_leaf': 0.0, 'monotonic_cst': None, 'random_state': 1, 'splitter': 'best'}"
Decision Tree kbest k:20,0.94848,0.71622,0.69859,0.73475,0.95576,6601,2848,89696,2383,0.58,
Decision Tree rfe k:10,0.94836,0.71569,0.69779,0.73453,0.95544,6599,2858,89686,2385,0.48,"{'ccp_alpha': 0.0, 'class_weight': None, 'criterion': 'gini', 'max_depth': None, 'max_features': None, 'max_leaf_nodes': None, 'min_impurity_decrease': 0.0, 'min_samples_leaf': 1, 'min_samples_split': 2, 'min_weight_fraction_leaf': 0.0, 'monotonic_cst': None, 'random_state': 1, 'splitter': 'best'}"
Decision Tree rfe k:25,0.94841,0.71582,0.69824,0.73431,0.95531,6597,2851,89693,2387,0.62,"{'ccp_alpha': 0.0, 'class_weight': None, 'criterion': 'gini', 'max_depth': None, 'max_features': None, 'max_leaf_nodes': None, 'min_impurity_decrease': 0.0, 'min_samples_leaf': 1, 'min_samples_split': 2, 'min_weight_fraction_leaf': 0.0, 'monotonic_cst': None, 'random_state': 1, 'splitter': 'best'}"
k-Nearest Neighbors emb,0.94683,0.70784,0.68890,0.72785,0.95108,6539,2953,89591,2445,57.83,"{'algorithm': 'auto', 'leaf_size': 30, 'metric': 'euclidean', 'metric_params': None, 'n_jobs': None, 'n_neighbors': 5, 'p': 2, 'weights': 'distance'}"
k-Nearest Neighbors kbest k:25,0.94402,0.69611,0.66975,0.72462,0.96107,6510,3210,89334,2474,57.73,
k-Nearest Neighbors kbest k:35,0.94394,0.69542,0.66962,0.72329,0.96055,6498,3206,89338,2486,63.31,
k-Nearest Neighbors vif,0.9441,0.69599,0.67087,0.72306,0.96041,6496,3187,89357,2488,56.4,
k-Nearest Neighbors VarThreshold,0.9439,0.69517,0.66945,0.72295,0.96068,6495,3207,89337,2489,53.68,
k-Nearest Neighbors kbest k:30,0.94354,0.69341,0.66742,0.72150,0.96003,6482,3230,89314,2502,59.02,
k-Nearest Neighbors CorrelationFiltering,0.94367,0.69370,0.66852,0.72084,0.96016,6476,3211,89333,2508,56.87,
k-Nearest Neighbors kbest k:40,0.94353,0.69298,0.66777,0.72017,0.96021,6470,3219,89325,2514,63.66,
k-Nearest Neighbors Base,0.94342,0.69221,0.66739,0.71894,0.95986,6459,3219,89325,2525,58.74,
Decision Tree rfe k:5,0.94518,0.69737,0.68165,0.71382,0.95137,6413,2995,89549,2571,0.41,"{'ccp_alpha': 0.0, 'class_weight': None, 'criterion': 'gini', 'max_depth': None, 'max_features': None, 'max_leaf_nodes': None, 'min_impurity_decrease': 0.0, 'min_samples_leaf': 1, 'min_samples_split': 2, 'min_weight_fraction_leaf': 0.0, 'monotonic_cst': None, 'random_state': 1, 'splitter': 'best'}"
XGBoost rfe k:5,0.92394,0.55738,0.57457,0.54118,0.96085,4862,3600,88944,4122,0.84,"{'objective': 'binary:logistic', 'base_score': None, 'booster': None, 'callbacks': None, 'colsample_bylevel': None, 'colsample_bynode': None, 'colsample_bytree': None, 'device': None, 'early_stopping_rounds': None, 'enable_categorical': False, 'eval_metric': None, 'feature_types': None, 'gamma': None, 'grow_policy': None, 'importance_type': None, 'interaction_constraints': None, 'learning_rate': None, 'max_bin': None, 'max_cat_threshold': None, 'max_cat_to_onehot': None, 'max_delta_step': None, 'max_depth': None, 'max_leaves': None, 'min_child_weight': None, 'missing': nan, 'monotone_constraints': None, 'multi_strategy': None, 'n_estimators': None, 'n_jobs': None, 'num_parallel_tree': None, 'random_state': 1, 'reg_alpha': None, 'reg_lambda': None, 'sampling_method': None, 'scale_pos_weight': None, 'subsample': None, 'tree_method': None, 'validate_parameters': None, 'verbosity': None}"
Gradient Boosting Machines rfe k:5,0.91526,0.35630,0.54348,0.26503,0.95339,2381,2000,90544,6603,12.17,"{'ccp_alpha': 0.0, 'criterion': 'friedman_mse', 'init': None, 'learning_rate': 0.1, 'loss': 'log_loss', 'max_depth': 3, 'max_features': None, 'max_leaf_nodes': None, 'min_impurity_decrease': 0.0, 'min_samples_leaf': 1, 'min_samples_split': 2, 'min_weight_fraction_leaf': 0.0, 'n_estimators': 100, 'n_iter_no_change': None, 'random_state': 1, 'subsample': 1.0, 'tol': 0.0001, 'validation_fraction': 0.1, 'verbose': 0, 'warm_start': False}"
Naive Bayes kbest k:5,0.90117,0.31180,0.40618,0.25301,0.90765,2273,3323,89221,6711,0.26,
Logistic Regression rfe k:20,0.91227,0.28268,0.51121,0.19535,0.91840,1755,1678,90866,7229,0.77,"{'C': 1.0, 'class_weight': None, 'dual': False, 'fit_intercept': True, 'intercept_scaling': 1, 'l1_ratio': None, 'max_iter': 100, 'multi_class': 'deprecated', 'n_jobs': None, 'penalty': 'l2', 'random_state': 1, 'solver': 'lbfgs', 'tol': 0.0001, 'verbose': 0, 'warm_start': False}"
Logistic Regression rfe k:25,0.91224,0.28249,0.51077,0.19524,0.91821,1754,1680,90864,7230,0.67,"{'C': 1.0, 'class_weight': None, 'dual': False, 'fit_intercept': True, 'intercept_scaling': 1, 'l1_ratio': None, 'max_iter': 100, 'multi_class': 'deprecated', 'n_jobs': None, 'penalty': 'l2', 'random_state': 1, 'solver': 'lbfgs', 'tol': 0.0001, 'verbose': 0, 'warm_start': False}"
Logistic Regression rfe k:40,0.91221,0.28080,0.51041,0.19368,0.91830,1740,1669,90875,7244,1.38,"{'C': 1.0, 'class_weight': None, 'dual': False, 'fit_intercept': True, 'intercept_scaling': 1, 'l1_ratio': None, 'max_iter': 100, 'multi_class': 'deprecated', 'n_jobs': None, 'penalty': 'l2', 'random_state': 1, 'solver': 'lbfgs', 'tol': 0.0001, 'verbose': 0, 'warm_start': False}"
Logistic Regression rfe k:35,0.91214,0.28053,0.50937,0.19357,0.91827,1739,1675,90869,7245,1.19,"{'C': 1.0, 'class_weight': None, 'dual': False, 'fit_intercept': True, 'intercept_scaling': 1, 'l1_ratio': None, 'max_iter': 100, 'multi_class': 'deprecated', 'n_jobs': None, 'penalty': 'l2', 'random_state': 1, 'solver': 'lbfgs', 'tol': 0.0001, 'verbose': 0, 'warm_start': False}"
Logistic Regression Base,0.91205,0.27951,0.50807,0.19279,0.91821,1732,1677,90867,7252,1.34,
Logistic Regression VarThreshold,0.91209,0.27902,0.50869,0.19223,0.91784,1727,1668,90876,7257,0.91,
Logistic Regression kbest k:10,0.91181,0.27837,0.50438,0.19223,0.91783,1727,1697,90847,7257,0.67,
Logistic Regression rfe k:30,0.91206,0.27884,0.50824,0.19212,0.91834,1726,1670,90874,7258,1.01,"{'C': 1.0, 'class_weight': None, 'dual': False, 'fit_intercept': True, 'intercept_scaling': 1, 'l1_ratio': None, 'max_iter': 100, 'multi_class': 'deprecated', 'n_jobs': None, 'penalty': 'l2', 'random_state': 1, 'solver': 'lbfgs', 'tol': 0.0001, 'verbose': 0, 'warm_start': False}"
Logistic Regression CorrelationFiltering,0.91209,0.27890,0.50869,0.19212,0.91820,1726,1667,90877,7258,1.43,
Logistic Regression rfe k:40,0.91205,0.27870,0.50810,0.19201,0.91825,1725,1670,90874,7259,1.29,"{'C': 1.0, 'class_weight': None, 'dual': False, 'fit_intercept': True, 'intercept_scaling': 1, 'l1_ratio': None, 'max_iter': 100, 'multi_class': 'deprecated', 'n_jobs': None, 'penalty': 'l2', 'random_state': 1, 'solver': 'lbfgs', 'tol': 0.0001, 'verbose': 0, 'warm_start': False}"
Logistic Regression kbest k:30,0.91215,0.27892,0.50960,0.19201,0.91789,1725,1660,90884,7259,1.1,
Logistic Regression rfe k:5,0.91152,0.27737,0.50015,0.19190,0.91760,1724,1723,90821,7260,0.46,"{'C': 1.0, 'class_weight': None, 'dual': False, 'fit_intercept': True, 'intercept_scaling': 1, 'l1_ratio': None, 'max_iter': 100, 'multi_class': 'deprecated', 'n_jobs': None, 'penalty': 'l2', 'random_state': 1, 'solver': 'lbfgs', 'tol': 0.0001, 'verbose': 0, 'warm_start': False}"
Logistic Regression kbest k:25,0.91223,0.27864,0.51083,0.19156,0.91787,1721,1648,90896,7263,0.89,
Logistic Regression rfe k:10,0.91161,0.27722,0.50146,0.19156,0.91785,1721,1711,90833,7263,0.47,"{'C': 1.0, 'class_weight': None, 'dual': False, 'fit_intercept': True, 'intercept_scaling': 1, 'l1_ratio': None, 'max_iter': 100, 'multi_class': 'deprecated', 'n_jobs': None, 'penalty': 'l2', 'random_state': 1, 'solver': 'lbfgs', 'tol': 0.0001, 'verbose': 0, 'warm_start': False}"
Logistic Regression rfe k:30,0.9121,0.27811,0.50888,0.19134,0.91787,1719,1659,90885,7265,0.94,"{'C': 1.0, 'class_weight': None, 'dual': False, 'fit_intercept': True, 'intercept_scaling': 1, 'l1_ratio': None, 'max_iter': 100, 'multi_class': 'deprecated', 'n_jobs': None, 'penalty': 'l2', 'random_state': 1, 'solver': 'lbfgs', 'tol': 0.0001, 'verbose': 0, 'warm_start': False}"
Logistic Regression rfe k:40,0.91205,0.27788,0.50813,0.19123,0.91814,1718,1663,90881,7266,1.12,"{'C': 1.0, 'class_weight': None, 'dual': False, 'fit_intercept': True, 'intercept_scaling': 1, 'l1_ratio': None, 'max_iter': 100, 'multi_class': 'deprecated', 'n_jobs': None, 'penalty': 'l2', 'random_state': 1, 'solver': 'lbfgs', 'tol': 0.0001, 'verbose': 0, 'warm_start': False}"
Logistic Regression rfe k:35,0.91179,0.27704,0.50411,0.19101,0.91806,1716,1688,90856,7268,1.25,"{'C': 1.0, 'class_weight': None, 'dual': False, 'fit_intercept': True, 'intercept_scaling': 1, 'l1_ratio': None, 'max_iter': 100, 'multi_class': 'deprecated', 'n_jobs': None, 'penalty': 'l2', 'random_state': 1, 'solver': 'lbfgs', 'tol': 0.0001, 'verbose': 0, 'warm_start': False}"
Logistic Regression rfe k:15,0.91185,0.27718,0.50500,0.19101,0.91814,1716,1682,90862,7268,0.57,"{'C': 1.0, 'class_weight': None, 'dual': False, 'fit_intercept': True, 'intercept_scaling': 1, 'l1_ratio': None, 'max_iter': 100, 'multi_class': 'deprecated', 'n_jobs': None, 'penalty': 'l2', 'random_state': 1, 'solver': 'lbfgs', 'tol': 0.0001, 'verbose': 0, 'warm_start': False}"
Logistic Regression rfe k:25,0.91218,0.27782,0.51011,0.19089,0.91788,1715,1647,90897,7269,0.85,"{'C': 1.0, 'class_weight': None, 'dual': False, 'fit_intercept': True, 'intercept_scaling': 1, 'l1_ratio': None, 'max_iter': 100, 'multi_class': 'deprecated', 'n_jobs': None, 'penalty': 'l2', 'random_state': 1, 'solver': 'lbfgs', 'tol': 0.0001, 'verbose': 0, 'warm_start': False}"
Logistic Regression kbest k:35,0.91199,0.27716,0.50725,0.19067,0.91792,1713,1664,90880,7271,1.19,
Logistic Regression rfe k:30,0.9117,0.27602,0.50279,0.19023,0.91797,1709,1690,90854,7275,1.1,"{'C': 1.0, 'class_weight': None, 'dual': False, 'fit_intercept': True, 'intercept_scaling': 1, 'l1_ratio': None, 'max_iter': 100, 'multi_class': 'deprecated', 'n_jobs': None, 'penalty': 'l2', 'random_state': 1, 'solver': 'lbfgs', 'tol': 0.0001, 'verbose': 0, 'warm_start': False}"
Logistic Regression rfe k:35,0.91198,0.27653,0.50698,0.19012,0.91816,1708,1661,90883,7276,1.52,"{'C': 1.0, 'class_weight': None, 'dual': False, 'fit_intercept': True, 'intercept_scaling': 1, 'l1_ratio': None, 'max_iter': 100, 'multi_class': 'deprecated', 'n_jobs': None, 'penalty': 'l2', 'random_state': 1, 'solver': 'lbfgs', 'tol': 0.0001, 'verbose': 0, 'warm_start': False}"
Logistic Regression rfe k:15,0.91187,0.27605,0.50533,0.18989,0.91771,1706,1670,90874,7278,0.62,"{'C': 1.0, 'class_weight': None, 'dual': False, 'fit_intercept': True, 'intercept_scaling': 1, 'l1_ratio': None, 'max_iter': 100, 'multi_class': 'deprecated', 'n_jobs': None, 'penalty': 'l2', 'random_state': 1, 'solver': 'lbfgs', 'tol': 0.0001, 'verbose': 0, 'warm_start': False}"
Logistic Regression kbest k:15,0.91167,0.27514,0.50236,0.18945,0.91755,1702,1686,90858,7282,0.89,
Logistic Regression kbest k:40,0.91201,0.27592,0.50761,0.18945,0.91791,1702,1651,90893,7282,1.56,
Logistic Regression kbest k:20,0.91185,0.27483,0.50506,0.18878,0.91774,1696,1662,90882,7288,1.48,
Logistic Regression rfe k:20,0.91202,0.27512,0.50779,0.18867,0.91779,1695,1643,90901,7289,0.85,"{'C': 1.0, 'class_weight': None, 'dual': False, 'fit_intercept': True, 'intercept_scaling': 1, 'l1_ratio': None, 'max_iter': 100, 'multi_class': 'deprecated', 'n_jobs': None, 'penalty': 'l2', 'random_state': 1, 'solver': 'lbfgs', 'tol': 0.0001, 'verbose': 0, 'warm_start': False}"
Logistic Regression rfe k:10,0.91155,0.27264,0.50059,0.18733,0.91774,1683,1679,90865,7301,0.54,"{'C': 1.0, 'class_weight': None, 'dual': False, 'fit_intercept': True, 'intercept_scaling': 1, 'l1_ratio': None, 'max_iter': 100, 'multi_class': 'deprecated', 'n_jobs': None, 'penalty': 'l2', 'random_state': 1, 'solver': 'lbfgs', 'tol': 0.0001, 'verbose': 0, 'warm_start': False}"
Logistic Regression rfe k:40,0.91129,0.26885,0.49655,0.18433,0.90443,1656,1679,90865,7328,1.57,"{'C': 1.0, 'class_weight': None, 'dual': False, 'fit_intercept': True, 'intercept_scaling': 1, 'l1_ratio': None, 'max_iter': 100, 'multi_class': 'deprecated', 'n_jobs': None, 'penalty': 'l2', 'random_state': 1, 'solver': 'lbfgs', 'tol': 0.0001, 'verbose': 0, 'warm_start': False}"
Logistic Regression vif,0.91147,0.26927,0.49940,0.18433,0.90459,1656,1660,90884,7328,1.62,
Logistic Regression rfe k:25,0.91164,0.26725,0.50199,0.18210,0.90298,1636,1623,90921,7348,1.0,"{'C': 1.0, 'class_weight': None, 'dual': False, 'fit_intercept': True, 'intercept_scaling': 1, 'l1_ratio': None, 'max_iter': 100, 'multi_class': 'deprecated', 'n_jobs': None, 'penalty': 'l2', 'random_state': 1, 'solver': 'lbfgs', 'tol': 0.0001, 'verbose': 0, 'warm_start': False}"
Logistic Regression rfe k:30,0.91142,0.26678,0.49863,0.18210,0.90359,1636,1645,90899,7348,1.52,"{'C': 1.0, 'class_weight': None, 'dual': False, 'fit_intercept': True, 'intercept_scaling': 1, 'l1_ratio': None, 'max_iter': 100, 'multi_class': 'deprecated', 'n_jobs': None, 'penalty': 'l2', 'random_state': 1, 'solver': 'lbfgs', 'tol': 0.0001, 'verbose': 0, 'warm_start': False}"
Logistic Regression rfe k:40,0.91139,0.26659,0.49817,0.18199,0.90434,1635,1647,90897,7349,1.82,"{'C': 1.0, 'class_weight': None, 'dual': False, 'fit_intercept': True, 'intercept_scaling': 1, 'l1_ratio': None, 'max_iter': 100, 'multi_class': 'deprecated', 'n_jobs': None, 'penalty': 'l2', 'random_state': 1, 'solver': 'lbfgs', 'tol': 0.0001, 'verbose': 0, 'warm_start': False}"
Logistic Regression rfe k:35,0.91118,0.26480,0.49482,0.18077,0.90368,1624,1658,90886,7360,1.91,"{'C': 1.0, 'class_weight': None, 'dual': False, 'fit_intercept': True, 'intercept_scaling': 1, 'l1_ratio': None, 'max_iter': 100, 'multi_class': 'deprecated', 'n_jobs': None, 'penalty': 'l2', 'random_state': 1, 'solver': 'lbfgs', 'tol': 0.0001, 'verbose': 0, 'warm_start': False}"
Logistic Regression rfe k:35,0.91114,0.26387,0.49419,0.17999,0.90343,1617,1655,90889,7367,1.84,"{'C': 1.0, 'class_weight': None, 'dual': False, 'fit_intercept': True, 'intercept_scaling': 1, 'l1_ratio': None, 'max_iter': 100, 'multi_class': 'deprecated', 'n_jobs': None, 'penalty': 'l2', 'random_state': 1, 'solver': 'lbfgs', 'tol': 0.0001, 'verbose': 0, 'warm_start': False}"
Logistic Regression rfe k:30,0.91118,0.26384,0.49479,0.17988,0.90331,1616,1650,90894,7368,1.41,"{'C': 1.0, 'class_weight': None, 'dual': False, 'fit_intercept': True, 'intercept_scaling': 1, 'l1_ratio': None, 'max_iter': 100, 'multi_class': 'deprecated', 'n_jobs': None, 'penalty': 'l2', 'random_state': 1, 'solver': 'lbfgs', 'tol': 0.0001, 'verbose': 0, 'warm_start': False}"
Logistic Regression rfe k:25,0.91119,0.26060,0.49486,0.17687,0.90331,1589,1622,90922,7395,1.36,"{'C': 1.0, 'class_weight': None, 'dual': False, 'fit_intercept': True, 'intercept_scaling': 1, 'l1_ratio': None, 'max_iter': 100, 'multi_class': 'deprecated', 'n_jobs': None, 'penalty': 'l2', 'random_state': 1, 'solver': 'lbfgs', 'tol': 0.0001, 'verbose': 0, 'warm_start': False}"
Logistic Regression rfe k:20,0.91081,0.25577,0.48885,0.17320,0.90174,1556,1627,90917,7428,0.73,"{'C': 1.0, 'class_weight': None, 'dual': False, 'fit_intercept': True, 'intercept_scaling': 1, 'l1_ratio': None, 'max_iter': 100, 'multi_class': 'deprecated', 'n_jobs': None, 'penalty': 'l2', 'random_state': 1, 'solver': 'lbfgs', 'tol': 0.0001, 'verbose': 0, 'warm_start': False}"
Logistic Regression rfe k:20,0.91043,0.24855,0.48236,0.16741,0.90090,1504,1614,90930,7480,0.72,"{'C': 1.0, 'class_weight': None, 'dual': False, 'fit_intercept': True, 'intercept_scaling': 1, 'l1_ratio': None, 'max_iter': 100, 'multi_class': 'deprecated', 'n_jobs': None, 'penalty': 'l2', 'random_state': 1, 'solver': 'lbfgs', 'tol': 0.0001, 'verbose': 0, 'warm_start': False}"
Logistic Regression rfe k:15,0.91032,0.24596,0.48043,0.16529,0.90101,1485,1606,90938,7499,0.58,"{'C': 1.0, 'class_weight': None, 'dual': False, 'fit_intercept': True, 'intercept_scaling': 1, 'l1_ratio': None, 'max_iter': 100, 'multi_class': 'deprecated', 'n_jobs': None, 'penalty': 'l2', 'random_state': 1, 'solver': 'lbfgs', 'tol': 0.0001, 'verbose': 0, 'warm_start': False}"
Logistic Regression rfe k:10,0.91027,0.24574,0.47964,0.16518,0.90088,1484,1610,90934,7500,0.4,"{'C': 1.0, 'class_weight': None, 'dual': False, 'fit_intercept': True, 'intercept_scaling': 1, 'l1_ratio': None, 'max_iter': 100, 'multi_class': 'deprecated', 'n_jobs': None, 'penalty': 'l2', 'random_state': 1, 'solver': 'lbfgs', 'tol': 0.0001, 'verbose': 0, 'warm_start': False}"
Logistic Regression rfe k:25,0.91062,0.24545,0.48505,0.16429,0.90128,1476,1567,90977,7508,1.19,"{'C': 1.0, 'class_weight': None, 'dual': False, 'fit_intercept': True, 'intercept_scaling': 1, 'l1_ratio': None, 'max_iter': 100, 'multi_class': 'deprecated', 'n_jobs': None, 'penalty': 'l2', 'random_state': 1, 'solver': 'lbfgs', 'tol': 0.0001, 'verbose': 0, 'warm_start': False}"
Logistic Regression rfe k:10,0.91073,0.24569,0.48697,0.16429,0.89897,1476,1555,90989,7508,0.56,"{'C': 1.0, 'class_weight': None, 'dual': False, 'fit_intercept': True, 'intercept_scaling': 1, 'l1_ratio': None, 'max_iter': 100, 'multi_class': 'deprecated', 'n_jobs': None, 'penalty': 'l2', 'random_state': 1, 'solver': 'lbfgs', 'tol': 0.0001, 'verbose': 0, 'warm_start': False}"
Logistic Regression rfe k:20,0.91062,0.24495,0.48501,0.16385,0.90017,1472,1563,90981,7512,0.8,"{'C': 1.0, 'class_weight': None, 'dual': False, 'fit_intercept': True, 'intercept_scaling': 1, 'l1_ratio': None, 'max_iter': 100, 'multi_class': 'deprecated', 'n_jobs': None, 'penalty': 'l2', 'random_state': 1, 'solver': 'lbfgs', 'tol': 0.0001, 'verbose': 0, 'warm_start': False}"
Logistic Regression rfe k:15,0.91066,0.24364,0.48554,0.16262,0.90025,1461,1548,90996,7523,0.54,"{'C': 1.0, 'class_weight': None, 'dual': False, 'fit_intercept': True, 'intercept_scaling': 1, 'l1_ratio': None, 'max_iter': 100, 'multi_class': 'deprecated', 'n_jobs': None, 'penalty': 'l2', 'random_state': 1, 'solver': 'lbfgs', 'tol': 0.0001, 'verbose': 0, 'warm_start': False}"
Logistic Regression rfe k:5,0.91047,0.24111,0.48230,0.16073,0.90023,1444,1550,90994,7540,0.39,"{'C': 1.0, 'class_weight': None, 'dual': False, 'fit_intercept': True, 'intercept_scaling': 1, 'l1_ratio': None, 'max_iter': 100, 'multi_class': 'deprecated', 'n_jobs': None, 'penalty': 'l2', 'random_state': 1, 'solver': 'lbfgs', 'tol': 0.0001, 'verbose': 0, 'warm_start': False}"
Logistic Regression rfe k:5,0.91022,0.24023,0.47826,0.16040,0.89884,1441,1572,90972,7543,0.41,"{'C': 1.0, 'class_weight': None, 'dual': False, 'fit_intercept': True, 'intercept_scaling': 1, 'l1_ratio': None, 'max_iter': 100, 'multi_class': 'deprecated', 'n_jobs': None, 'penalty': 'l2', 'random_state': 1, 'solver': 'lbfgs', 'tol': 0.0001, 'verbose': 0, 'warm_start': False}"
Logistic Regression rfe k:10,0.9106,0.24074,0.48435,0.16017,0.89976,1439,1532,91012,7545,0.53,"{'C': 1.0, 'class_weight': None, 'dual': False, 'fit_intercept': True, 'intercept_scaling': 1, 'l1_ratio': None, 'max_iter': 100, 'multi_class': 'deprecated', 'n_jobs': None, 'penalty': 'l2', 'random_state': 1, 'solver': 'lbfgs', 'tol': 0.0001, 'verbose': 0, 'warm_start': False}"
Logistic Regression rfe k:5,0.91042,0.24025,0.48142,0.16006,0.89965,1438,1549,90995,7546,0.36,"{'C': 1.0, 'class_weight': None, 'dual': False, 'fit_intercept': True, 'intercept_scaling': 1, 'l1_ratio': None, 'max_iter': 100, 'multi_class': 'deprecated', 'n_jobs': None, 'penalty': 'l2', 'random_state': 1, 'solver': 'lbfgs', 'tol': 0.0001, 'verbose': 0, 'warm_start': False}"
Logistic Regression rfe k:15,0.91057,0.24055,0.48385,0.16006,0.89875,1438,1534,91010,7546,0.79,"{'C': 1.0, 'class_weight': None, 'dual': False, 'fit_intercept': True, 'intercept_scaling': 1, 'l1_ratio': None, 'max_iter': 100, 'multi_class': 'deprecated', 'n_jobs': None, 'penalty': 'l2', 'random_state': 1, 'solver': 'lbfgs', 'tol': 0.0001, 'verbose': 0, 'warm_start': False}"
Logistic Regression kbest k:5,0.91053,0.24047,0.48320,0.16006,0.89968,1438,1538,91006,7546,0.36,
Logistic Regression rfe k:5,0.90903,0.21529,0.45477,0.14103,0.90304,1267,1519,91025,7717,0.43,"{'C': 1.0, 'class_weight': None, 'dual': False, 'fit_intercept': True, 'intercept_scaling': 1, 'l1_ratio': None, 'max_iter': 100, 'multi_class': 'deprecated', 'n_jobs': None, 'penalty': 'l2', 'random_state': 1, 'solver': 'lbfgs', 'tol': 0.0001, 'verbose': 0, 'warm_start': False}"
